"transect_id","transect_nombre","cult_id","loc","cultivo","replicate","distance"
217,"A001",1,"CANAR","CULT_1","R1",19477.9636731753
217,"A001",3,"CANAR","CULT_3","R3",18045.8018071026
217,"A001",2,"CANAR","CULT_2","R2",18441.6551191049
217,"A001",4,"SANJUAN","CULT_2","R2",677.86216749159
217,"A001",5,"SANJUAN","CULT_1","R1",36.6812531971841
219,"A002",1,"CANAR","CULT_1","R1",19547.1190712961
219,"A002",3,"CANAR","CULT_3","R3",18114.7215147027
219,"A002",2,"CANAR","CULT_2","R2",18510.6228702517
219,"A002",4,"SANJUAN","CULT_2","R2",675.176957626815
219,"A002",5,"SANJUAN","CULT_1","R1",38.896256135357
222,"A003",1,"CANAR","CULT_1","R1",19563.3073602126
222,"A003",3,"CANAR","CULT_3","R3",18133.808676505
222,"A003",2,"CANAR","CULT_2","R2",18529.2697892108
222,"A003",4,"SANJUAN","CULT_2","R2",732.344227479015
222,"A003",5,"SANJUAN","CULT_1","R1",35.3401339815593
220,"A004",5,"SANJUAN","CULT_1","R1",26.8632120792616
220,"A004",3,"CANAR","CULT_3","R3",18168.9158184333
220,"A004",2,"CANAR","CULT_2","R2",18564.8269380031
220,"A004",4,"SANJUAN","CULT_2","R2",681.494354488342
220,"A004",1,"CANAR","CULT_1","R1",19601.3157884569
216,"A005",1,"CANAR","CULT_1","R1",19466.9981016687
216,"A005",5,"SANJUAN","CULT_1","R1",21.5996859273763
216,"A005",4,"SANJUAN","CULT_2","R2",723.215627017808
216,"A005",2,"CANAR","CULT_2","R2",18432.6795543991
216,"A005",3,"CANAR","CULT_3","R3",18037.1877001695
218,"A006",5,"SANJUAN","CULT_1","R1",40.3402680498797
218,"A006",3,"CANAR","CULT_3","R3",18092.0790108122
218,"A006",2,"CANAR","CULT_2","R2",18488.2727079727
218,"A006",4,"SANJUAN","CULT_2","R2",636.396862585473
218,"A006",1,"CANAR","CULT_1","R1",19526.4188831668
210,"A007",5,"SANJUAN","CULT_1","R1",891.620514823384
210,"A007",1,"CANAR","CULT_1","R1",19565.5033072803
210,"A007",3,"CANAR","CULT_3","R3",18084.5433183222
210,"A007",2,"CANAR","CULT_2","R2",18478.3138981658
210,"A007",4,"SANJUAN","CULT_2","R2",35.7351827847964
196,"A008",5,"SANJUAN","CULT_1","R1",701.492425963305
196,"A008",1,"CANAR","CULT_1","R1",19474.1792939322
196,"A008",4,"SANJUAN","CULT_2","R2",56.3412626819271
196,"A008",2,"CANAR","CULT_2","R2",18397.001279231
196,"A008",3,"CANAR","CULT_3","R3",18002.5534750696
340,"A009",1,"CANAR","CULT_1","R1",19410.8753103895
340,"A009",5,"SANJUAN","CULT_1","R1",776.323791267566
340,"A009",4,"SANJUAN","CULT_2","R2",29.7088065569872
340,"A009",2,"CANAR","CULT_2","R2",18330.2227359914
340,"A009",3,"CANAR","CULT_3","R3",17935.9960700541
197,"A010",3,"CANAR","CULT_3","R3",18003.7763990682
197,"A010",1,"CANAR","CULT_1","R1",19478.2617682636
197,"A010",5,"SANJUAN","CULT_1","R1",759.653174727284
197,"A010",4,"SANJUAN","CULT_2","R2",84.3803655561444
197,"A010",2,"CANAR","CULT_2","R2",18398.024825309
199,"A011",1,"CANAR","CULT_1","R1",19571.6246901865
199,"A011",3,"CANAR","CULT_3","R3",18098.1421502158
199,"A011",2,"CANAR","CULT_2","R2",18492.4527020803
199,"A011",4,"SANJUAN","CULT_2","R2",69.5813071603645
199,"A011",5,"SANJUAN","CULT_1","R1",736.762778902933
202,"A012",5,"SANJUAN","CULT_1","R1",723.186056448282
202,"A012",2,"CANAR","CULT_2","R2",18561.153505299
202,"A012",3,"CANAR","CULT_3","R3",18166.7832222007
202,"A012",1,"CANAR","CULT_1","R1",19639.3230132069
202,"A012",4,"SANJUAN","CULT_2","R2",35.2484041466378
203,"A013",3,"CANAR","CULT_3","R3",18232.8484480193
203,"A013",2,"CANAR","CULT_2","R2",18627.3184477229
203,"A013",4,"SANJUAN","CULT_2","R2",43.0123477810366
203,"A013",5,"SANJUAN","CULT_1","R1",703.845048985555
203,"A013",1,"CANAR","CULT_1","R1",19703.8602830107
201,"A014",3,"CANAR","CULT_3","R3",18218.3487971056
201,"A014",1,"CANAR","CULT_1","R1",19694.2648968486
201,"A014",5,"SANJUAN","CULT_1","R1",800.98410614314
201,"A014",4,"SANJUAN","CULT_2","R2",70.5418921315757
201,"A014",2,"CANAR","CULT_2","R2",18612.4764621725
212,"A015",3,"CANAR","CULT_3","R3",18158.2757787035
212,"A015",1,"CANAR","CULT_1","R1",19636.7851901625
212,"A015",5,"SANJUAN","CULT_1","R1",845.625033764904
212,"A015",4,"SANJUAN","CULT_2","R2",38.610839905683
212,"A015",2,"CANAR","CULT_2","R2",18552.2210043334
198,"A016",1,"CANAR","CULT_1","R1",19565.5792169957
198,"A016",5,"SANJUAN","CULT_1","R1",837.031758678396
198,"A016",4,"SANJUAN","CULT_2","R2",80.8953639040309
198,"A016",2,"CANAR","CULT_2","R2",18481.2043485369
198,"A016",3,"CANAR","CULT_3","R3",18087.2402370104
195,"A017",1,"CANAR","CULT_1","R1",19428.7883978911
195,"A017",3,"CANAR","CULT_3","R3",17959.8530071279
195,"A017",2,"CANAR","CULT_2","R2",18354.4873500375
195,"A017",4,"SANJUAN","CULT_2","R2",24.8347953297198
195,"A017",5,"SANJUAN","CULT_1","R1",653.228098722084
193,"A018",1,"CANAR","CULT_1","R1",19491.7290665439
193,"A018",5,"SANJUAN","CULT_1","R1",833.486825980031
193,"A018",4,"SANJUAN","CULT_2","R2",48.680856079523
193,"A018",2,"CANAR","CULT_2","R2",18407.6032018912
193,"A018",3,"CANAR","CULT_3","R3",18013.61591512
194,"A019",5,"SANJUAN","CULT_1","R1",798.826324483313
194,"A019",1,"CANAR","CULT_1","R1",19786.3283625581
194,"A019",3,"CANAR","CULT_3","R3",18311.6072087536
194,"A019",2,"CANAR","CULT_2","R2",18705.8118500933
194,"A019",4,"SANJUAN","CULT_2","R2",41.6764259783399
224,"A024",3,"CANAR","CULT_3","R3",18077.3288334202
224,"A024",2,"CANAR","CULT_2","R2",18472.2126449031
224,"A024",4,"SANJUAN","CULT_2","R2",799.433297241736
224,"A024",5,"SANJUAN","CULT_1","R1",27.7676376515156
224,"A024",1,"CANAR","CULT_1","R1",19503.1367636959
208,"A026",5,"SANJUAN","CULT_1","R1",587.146546701107
208,"A026",4,"SANJUAN","CULT_2","R2",32.6803460398551
208,"A026",2,"CANAR","CULT_2","R2",18372.6650602896
208,"A026",3,"CANAR","CULT_3","R3",17977.8227184503
208,"A026",1,"CANAR","CULT_1","R1",19443.5903873263
209,"A027",2,"CANAR","CULT_2","R2",18464.4495923901
209,"A027",4,"SANJUAN","CULT_2","R2",31.2940899447392
209,"A027",5,"SANJUAN","CULT_1","R1",563.14686569467
209,"A027",1,"CANAR","CULT_1","R1",19534.5817685469
209,"A027",3,"CANAR","CULT_3","R3",18069.5661119051
206,"A028",1,"CANAR","CULT_1","R1",19641.9304255542
206,"A028",5,"SANJUAN","CULT_1","R1",592.900231297129
206,"A028",4,"SANJUAN","CULT_2","R2",73.9746376925509
206,"A028",2,"CANAR","CULT_2","R2",18570.644335591
206,"A028",3,"CANAR","CULT_3","R3",18175.8397671707
205,"A029",2,"CANAR","CULT_2","R2",18638.5554071903
205,"A029",4,"SANJUAN","CULT_2","R2",89.6287114724967
205,"A029",5,"SANJUAN","CULT_1","R1",570.883187741727
205,"A029",3,"CANAR","CULT_3","R3",18243.6372583907
205,"A029",1,"CANAR","CULT_1","R1",19707.8931406033
455,"A031",1,"CANAR","CULT_1","R1",19387.5936671984
455,"A031",5,"SANJUAN","CULT_1","R1",141.705836450827
455,"A031",4,"SANJUAN","CULT_2","R2",874.193154381808
455,"A031",2,"CANAR","CULT_2","R2",18359.7603267521
455,"A031",3,"CANAR","CULT_3","R3",17965.4653684288
454,"A032",2,"CANAR","CULT_2","R2",18544.3893418562
454,"A032",4,"SANJUAN","CULT_2","R2",840.431669403031
454,"A032",5,"SANJUAN","CULT_1","R1",27.2860496399905
454,"A032",1,"CANAR","CULT_1","R1",19573.6836739884
454,"A032",3,"CANAR","CULT_3","R3",18149.787427267
453,"A033",2,"CANAR","CULT_2","R2",18661.9051628176
453,"A033",4,"SANJUAN","CULT_2","R2",839.057994590521
453,"A033",5,"SANJUAN","CULT_1","R1",67.9542962279491
453,"A033",1,"CANAR","CULT_1","R1",19692.1774471136
453,"A033",3,"CANAR","CULT_3","R3",18267.1002083864
452,"A034",3,"CANAR","CULT_3","R3",18348.0196514474
452,"A034",4,"SANJUAN","CULT_2","R2",807.896261257733
452,"A034",5,"SANJUAN","CULT_1","R1",71.5955740517499
452,"A034",1,"CANAR","CULT_1","R1",19776.1344845265
452,"A034",2,"CANAR","CULT_2","R2",18743.3058074041
451,"A035",5,"SANJUAN","CULT_1","R1",53.1009406107843
451,"A035",4,"SANJUAN","CULT_2","R2",579.455714379592
451,"A035",2,"CANAR","CULT_2","R2",18394.1346043684
451,"A035",3,"CANAR","CULT_3","R3",17997.6774583144
451,"A035",1,"CANAR","CULT_1","R1",19435.1166351378
447,"A036",5,"SANJUAN","CULT_1","R1",714.140221214586
447,"A036",4,"SANJUAN","CULT_2","R2",28.454064116902
447,"A036",2,"CANAR","CULT_2","R2",18252.3719311295
447,"A036",3,"CANAR","CULT_3","R3",17857.8634265607
447,"A036",1,"CANAR","CULT_1","R1",19328.7899320126
448,"A037",2,"CANAR","CULT_2","R2",18163.2548143378
448,"A037",4,"SANJUAN","CULT_2","R2",113.896518264404
448,"A037",5,"SANJUAN","CULT_1","R1",625.708522674244
448,"A037",1,"CANAR","CULT_1","R1",19232.9038186534
448,"A037",3,"CANAR","CULT_3","R3",17768.3180039576
449,"A038",3,"CANAR","CULT_3","R3",17926.063803188
449,"A038",2,"CANAR","CULT_2","R2",18321.4201183678
449,"A038",4,"SANJUAN","CULT_2","R2",202.877795484314
449,"A038",5,"SANJUAN","CULT_1","R1",440.681552899167
449,"A038",1,"CANAR","CULT_1","R1",19383.7112512646
450,"A039",2,"CANAR","CULT_2","R2",18385.0072748241
450,"A039",1,"CANAR","CULT_1","R1",19442.6334558857
450,"A039",5,"SANJUAN","CULT_1","R1",340.927704294469
450,"A039",4,"SANJUAN","CULT_2","R2",275.323728002015
450,"A039",3,"CANAR","CULT_3","R3",17989.3952942073
446,"A040",3,"CANAR","CULT_3","R3",18391.9849802901
446,"A040",1,"CANAR","CULT_1","R1",19868.5226366494
446,"A040",5,"SANJUAN","CULT_1","R1",860.008970501552
446,"A040",4,"SANJUAN","CULT_2","R2",30.2632267515156
446,"A040",2,"CANAR","CULT_2","R2",18786.0527762562
445,"A041",5,"SANJUAN","CULT_1","R1",1092.57356222996
445,"A041",3,"CANAR","CULT_3","R3",17864.2078514859
445,"A041",2,"CANAR","CULT_2","R2",18257.3119782321
445,"A041",4,"SANJUAN","CULT_2","R2",202.804407625963
445,"A041",1,"CANAR","CULT_1","R1",19354.0190211249
162,"B001",5,"SANJUAN","CULT_1","R1",18009.347146443
162,"B001",3,"CANAR","CULT_3","R3",0.737170106587514
162,"B001",2,"CANAR","CULT_2","R2",375.287696584369
162,"B001",1,"CANAR","CULT_1","R1",1726.61261035129
162,"B001",4,"SANJUAN","CULT_2","R2",17857.303212394
165,"B002",4,"SANJUAN","CULT_2","R2",17907.2330276095
165,"B002",3,"CANAR","CULT_3","R3",2.95580315973231
165,"B002",2,"CANAR","CULT_2","R2",326.534802253876
165,"B002",5,"SANJUAN","CULT_1","R1",18061.7918221704
165,"B002",1,"CANAR","CULT_1","R1",1722.56957168913
167,"B003",1,"CANAR","CULT_1","R1",1621.17383562125
167,"B003",3,"CANAR","CULT_3","R3",3.71672212839082
167,"B003",2,"CANAR","CULT_2","R2",232.59065925826
167,"B003",4,"SANJUAN","CULT_2","R2",17999.2496410672
167,"B003",5,"SANJUAN","CULT_1","R1",18151.864293691
23,"B004",3,"CANAR","CULT_3","R3",1802.48717885311
23,"B004",4,"SANJUAN","CULT_2","R2",19531.202694142
23,"B004",5,"SANJUAN","CULT_1","R1",19644.8375619585
23,"B004",1,"CANAR","CULT_1","R1",7.25539258911121
23,"B004",2,"CANAR","CULT_2","R2",1269.96478027111
24,"B005",3,"CANAR","CULT_3","R3",1701.22945532907
24,"B005",1,"CANAR","CULT_1","R1",10.8917778829015
24,"B005",5,"SANJUAN","CULT_1","R1",19596.1869725036
24,"B005",4,"SANJUAN","CULT_2","R2",19478.4382010107
24,"B005",2,"CANAR","CULT_2","R2",1170.42585223179
22,"B006",2,"CANAR","CULT_2","R2",1174.07311516178
22,"B006",3,"CANAR","CULT_3","R3",1706.38179680447
22,"B006",1,"CANAR","CULT_1","R1",14.8807641931575
22,"B006",5,"SANJUAN","CULT_1","R1",19479.3002268585
22,"B006",4,"SANJUAN","CULT_2","R2",19368.1440169735
171,"B008",1,"CANAR","CULT_1","R1",1311.24081304379
171,"B008",3,"CANAR","CULT_3","R3",299.503665114129
171,"B008",2,"CANAR","CULT_2","R2",7.005648343246
171,"B008",4,"SANJUAN","CULT_2","R2",18281.1121527266
171,"B008",5,"SANJUAN","CULT_1","R1",18427.8598174687
172,"B010",3,"CANAR","CULT_3","R3",492.31089360627
172,"B010",2,"CANAR","CULT_2","R2",1.61431585622497
172,"B010",4,"SANJUAN","CULT_2","R2",18459.9700479891
172,"B010",5,"SANJUAN","CULT_1","R1",18603.6053259446
172,"B010",1,"CANAR","CULT_1","R1",1121.58531671909
169,"B011",5,"SANJUAN","CULT_1","R1",18433.367134562
169,"B011",3,"CANAR","CULT_3","R3",273.898052679958
169,"B011",2,"CANAR","CULT_2","R2",6.31935584454436
169,"B011",4,"SANJUAN","CULT_2","R2",18284.0320364537
169,"B011",1,"CANAR","CULT_1","R1",1346.90181205739
223,"C001",3,"CANAR","CULT_3","R3",18094.3207071131
223,"C001",1,"CANAR","CULT_1","R1",19522.1637011296
223,"C001",2,"CANAR","CULT_2","R2",18489.5207143702
223,"C001",5,"SANJUAN","CULT_1","R1",7.37191094703265
223,"C001",4,"SANJUAN","CULT_2","R2",761.164299300979
225,"C002",2,"CANAR","CULT_2","R2",18368.9025040658
225,"C002",1,"CANAR","CULT_1","R1",19404.3410460877
225,"C002",5,"SANJUAN","CULT_1","R1",17.1832243276507
225,"C002",4,"SANJUAN","CULT_2","R2",703.314704856369
225,"C002",3,"CANAR","CULT_3","R3",17973.2214211053
221,"C003",3,"CANAR","CULT_3","R3",18221.3603460813
221,"C003",2,"CANAR","CULT_2","R2",18617.2171783604
221,"C003",4,"SANJUAN","CULT_2","R2",699.436148761259
221,"C003",5,"SANJUAN","CULT_1","R1",5.80783294018922
221,"C003",1,"CANAR","CULT_1","R1",19653.3455836205
207,"C004",5,"SANJUAN","CULT_1","R1",654.876330133833
207,"C004",3,"CANAR","CULT_3","R3",18096.5382578589
207,"C004",1,"CANAR","CULT_1","R1",19566.0412395173
207,"C004",2,"CANAR","CULT_2","R2",18491.1225908649
207,"C004",4,"SANJUAN","CULT_2","R2",4.63635380594585
204,"C006",4,"SANJUAN","CULT_2","R2",1.90582117635795
204,"C006",3,"CANAR","CULT_3","R3",18296.0413719884
204,"C006",2,"CANAR","CULT_2","R2",18690.5552783195
204,"C006",5,"SANJUAN","CULT_1","R1",705.190203941971
204,"C006",1,"CANAR","CULT_1","R1",19766.3318917074
226,"C010",3,"CANAR","CULT_3","R3",18341.6425027612
226,"C010",2,"CANAR","CULT_2","R2",18735.9310329753
226,"C010",4,"SANJUAN","CULT_2","R2",7.44054314161199
226,"C010",5,"SANJUAN","CULT_1","R1",782.718485311783
226,"C010",1,"CANAR","CULT_1","R1",19815.1371932509
296,"D001p",3,"CANAR","CULT_3","R3",551.083604598234
296,"D001p",2,"CANAR","CULT_2","R2",750.127159405033
296,"D001p",4,"SANJUAN","CULT_2","R2",17769.3458412428
296,"D001p",5,"SANJUAN","CULT_1","R1",17946.5973823151
296,"D001p",1,"CANAR","CULT_1","R1",2187.53088246897
295,"D001r",1,"CANAR","CULT_1","R1",2151.82328061396
295,"D001r",3,"CANAR","CULT_3","R3",523.727962206383
295,"D001r",2,"CANAR","CULT_2","R2",715.401155833229
295,"D001r",4,"SANJUAN","CULT_2","R2",17798.8832926556
295,"D001r",5,"SANJUAN","CULT_1","R1",17975.2654386095
297,"D002p",3,"CANAR","CULT_3","R3",434.476465517546
297,"D002p",2,"CANAR","CULT_2","R2",685.099208604209
297,"D002p",4,"SANJUAN","CULT_2","R2",17712.0938004195
297,"D002p",5,"SANJUAN","CULT_1","R1",17883.4505064594
297,"D002p",1,"CANAR","CULT_1","R1",2129.74800238517
298,"D002r",5,"SANJUAN","CULT_1","R1",17913.2434793699
298,"D002r",4,"SANJUAN","CULT_2","R2",17742.7149227435
298,"D002r",2,"CANAR","CULT_2","R2",648.887080141629
298,"D002r",3,"CANAR","CULT_3","R3",403.05373294825
298,"D002r",1,"CANAR","CULT_1","R1",2093.61173393298
299,"D003p",2,"CANAR","CULT_2","R2",666.752534381687
299,"D003p",1,"CANAR","CULT_1","R1",2107.39048045245
299,"D003p",5,"SANJUAN","CULT_1","R1",17848.8629873871
299,"D003p",4,"SANJUAN","CULT_2","R2",17680.4708069413
299,"D003p",3,"CANAR","CULT_3","R3",389.289945510668
300,"D003r",2,"CANAR","CULT_2","R2",635.446067790066
300,"D003r",1,"CANAR","CULT_1","R1",2076.73847736482
300,"D003r",5,"SANJUAN","CULT_1","R1",17877.8464423658
300,"D003r",4,"SANJUAN","CULT_2","R2",17709.9715259851
300,"D003r",3,"CANAR","CULT_3","R3",362.127538939214
344,"D004",3,"CANAR","CULT_3","R3",560.854646562446
344,"D004",1,"CANAR","CULT_1","R1",2269.59724899339
344,"D004",5,"SANJUAN","CULT_1","R1",17457.677265036
344,"D004",4,"SANJUAN","CULT_2","R2",17299.8596371576
344,"D004",2,"CANAR","CULT_2","R2",937.58137025407
343,"D005",3,"CANAR","CULT_3","R3",655.38045297433
343,"D005",1,"CANAR","CULT_1","R1",2355.44916963143
343,"D005",5,"SANJUAN","CULT_1","R1",17359.1529576711
343,"D005",4,"SANJUAN","CULT_2","R2",17201.3094513671
343,"D005",2,"CANAR","CULT_2","R2",1035.40261871108
342,"D006",1,"CANAR","CULT_1","R1",2291.36364618561
342,"D006",5,"SANJUAN","CULT_1","R1",17354.3348414707
342,"D006",4,"SANJUAN","CULT_2","R2",17202.4919315558
342,"D006",2,"CANAR","CULT_2","R2",1030.12341033998
342,"D006",3,"CANAR","CULT_3","R3",634.666287685134
341,"D007",2,"CANAR","CULT_2","R2",1108.44744083874
341,"D007",1,"CANAR","CULT_1","R1",2337.82245261866
341,"D007",5,"SANJUAN","CULT_1","R1",17277.4674994989
341,"D007",4,"SANJUAN","CULT_2","R2",17127.9125884581
341,"D007",3,"CANAR","CULT_3","R3",710.391370824688
304,"D008",5,"SANJUAN","CULT_1","R1",17167.9864212233
304,"D008",3,"CANAR","CULT_3","R3",821.357674211196
304,"D008",2,"CANAR","CULT_2","R2",1218.85320727524
304,"D008",4,"SANJUAN","CULT_2","R2",17020.1073047572
304,"D008",1,"CANAR","CULT_1","R1",2423.27195735281
305,"D009",1,"CANAR","CULT_1","R1",2538.91907676251
305,"D009",3,"CANAR","CULT_3","R3",932.295846782325
305,"D009",2,"CANAR","CULT_2","R2",1330.2943823368
305,"D009",4,"SANJUAN","CULT_2","R2",16906.5422543121
305,"D009",5,"SANJUAN","CULT_1","R1",17055.6401190698
303,"D010",3,"CANAR","CULT_3","R3",965.626072002248
303,"D010",1,"CANAR","CULT_1","R1",2515.95823371615
303,"D010",5,"SANJUAN","CULT_1","R1",17033.3031917621
303,"D010",4,"SANJUAN","CULT_2","R2",16889.5283252032
303,"D010",2,"CANAR","CULT_2","R2",1350.23936497984
302,"D011",3,"CANAR","CULT_3","R3",1042.8118224634
302,"D011",1,"CANAR","CULT_1","R1",2607.98781820746
302,"D011",5,"SANJUAN","CULT_1","R1",16950.1383236968
302,"D011",4,"SANJUAN","CULT_2","R2",16804.6794255187
302,"D011",2,"CANAR","CULT_2","R2",1433.82869393367
301,"D012",1,"CANAR","CULT_1","R1",2622.98377796895
301,"D012",3,"CANAR","CULT_3","R3",1106.15209871527
301,"D012",2,"CANAR","CULT_2","R2",1484.14007444995
301,"D012",4,"SANJUAN","CULT_2","R2",16759.7768178368
301,"D012",5,"SANJUAN","CULT_1","R1",16900.9174565499
306,"D013",3,"CANAR","CULT_3","R3",1148.61419201194
306,"D013",1,"CANAR","CULT_1","R1",2651.28259215008
306,"D013",5,"SANJUAN","CULT_1","R1",16863.1054155371
306,"D013",4,"SANJUAN","CULT_2","R2",16723.1689117833
306,"D013",2,"CANAR","CULT_2","R2",1523.41438881991
334,"D014",3,"CANAR","CULT_3","R3",519.355372889448
334,"D014",1,"CANAR","CULT_1","R1",2249.87240707193
334,"D014",5,"SANJUAN","CULT_1","R1",17569.6866415746
334,"D014",4,"SANJUAN","CULT_2","R2",17406.3279912539
334,"D014",2,"CANAR","CULT_2","R2",860.507367634385
333,"D015",1,"CANAR","CULT_1","R1",2473.43200266735
333,"D015",3,"CANAR","CULT_3","R3",738.460282935334
333,"D015",2,"CANAR","CULT_2","R2",1051.69548996294
333,"D015",4,"SANJUAN","CULT_2","R2",17291.0500201389
333,"D015",5,"SANJUAN","CULT_1","R1",17463.7335330251
331,"D016",3,"CANAR","CULT_3","R3",818.702258958165
331,"D016",1,"CANAR","CULT_1","R1",2547.74713390588
331,"D016",5,"SANJUAN","CULT_1","R1",17488.0897864614
331,"D016",4,"SANJUAN","CULT_2","R2",17309.509670767
331,"D016",2,"CANAR","CULT_2","R2",1108.9116420368
332,"D017",3,"CANAR","CULT_3","R3",706.999166494484
332,"D017",1,"CANAR","CULT_1","R1",2400.21399594433
332,"D017",5,"SANJUAN","CULT_1","R1",17724.0985044126
332,"D017",4,"SANJUAN","CULT_2","R2",17543.7421759915
332,"D017",2,"CANAR","CULT_2","R2",955.736918905354
329,"D018",4,"SANJUAN","CULT_2","R2",17579.0855447336
329,"D018",3,"CANAR","CULT_3","R3",752.669813546481
329,"D018",2,"CANAR","CULT_2","R2",982.437283880682
329,"D018",5,"SANJUAN","CULT_1","R1",17762.3062620123
329,"D018",1,"CANAR","CULT_1","R1",2423.61323426972
330,"D019",2,"CANAR","CULT_2","R2",876.084883306873
330,"D019",1,"CANAR","CULT_1","R1",2315.50402310758
330,"D019",5,"SANJUAN","CULT_1","R1",17849.6693321367
330,"D019",4,"SANJUAN","CULT_2","R2",17669.0728594757
330,"D019",3,"CANAR","CULT_3","R3",659.10471658467
444,"D030",1,"CANAR","CULT_1","R1",2177.0335521959
444,"D030",5,"SANJUAN","CULT_1","R1",17581.3413181951
444,"D030",4,"SANJUAN","CULT_2","R2",17422.5310984171
444,"D030",2,"CANAR","CULT_2","R2",819.745268007767
444,"D030",3,"CANAR","CULT_3","R3",455.430130306951
443,"D031",3,"CANAR","CULT_3","R3",551.631940772397
443,"D031",1,"CANAR","CULT_1","R1",2274.53645046829
443,"D031",5,"SANJUAN","CULT_1","R1",17505.1601469047
443,"D031",4,"SANJUAN","CULT_2","R2",17343.8674233485
443,"D031",2,"CANAR","CULT_2","R2",908.055809112565
442,"D032",3,"CANAR","CULT_3","R3",754.227463695529
442,"D032",1,"CANAR","CULT_1","R1",2479.22952668799
442,"D032",4,"SANJUAN","CULT_2","R2",17177.1251978881
442,"D032",5,"SANJUAN","CULT_1","R1",17343.5437970891
442,"D032",2,"CANAR","CULT_2","R2",1099.78368900329
441,"D033",4,"SANJUAN","CULT_2","R2",17179.4481825588
441,"D033",1,"CANAR","CULT_1","R1",2521.57523508038
441,"D033",5,"SANJUAN","CULT_1","R1",17349.2268078558
441,"D033",2,"CANAR","CULT_2","R2",1123.9008499467
441,"D033",3,"CANAR","CULT_3","R3",790.793435043791
439,"D034",3,"CANAR","CULT_3","R3",860.780800560549
439,"D034",1,"CANAR","CULT_1","R1",2570.12706849557
439,"D034",5,"SANJUAN","CULT_1","R1",17188.7535671106
439,"D034",4,"SANJUAN","CULT_2","R2",17025.4447705909
439,"D034",2,"CANAR","CULT_2","R2",1228.21561055002
440,"D035",3,"CANAR","CULT_3","R3",801.390308276155
440,"D035",5,"SANJUAN","CULT_1","R1",17248.4054489297
440,"D035",4,"SANJUAN","CULT_2","R2",17085.5225567425
440,"D035",2,"CANAR","CULT_2","R2",1167.57602690392
440,"D035",1,"CANAR","CULT_1","R1",2513.40545474998
437,"D036",3,"CANAR","CULT_3","R3",560.124716036679
437,"D036",1,"CANAR","CULT_1","R1",2209.99916789733
437,"D036",2,"CANAR","CULT_2","R2",957.631976932346
437,"D036",4,"SANJUAN","CULT_2","R2",17277.1974826711
437,"D036",5,"SANJUAN","CULT_1","R1",17427.6207848167
438,"D037",5,"SANJUAN","CULT_1","R1",17010.9981105626
438,"D037",3,"CANAR","CULT_3","R3",1027.97292116033
438,"D037",2,"CANAR","CULT_2","R2",1401.94425499963
438,"D037",4,"SANJUAN","CULT_2","R2",16847.7718687191
438,"D037",1,"CANAR","CULT_1","R1",2724.24785980107
436,"D038",1,"CANAR","CULT_1","R1",2659.79655678496
436,"D038",5,"SANJUAN","CULT_1","R1",17008.4232433549
436,"D038",4,"SANJUAN","CULT_2","R2",16851.2907080761
436,"D038",2,"CANAR","CULT_2","R2",1382.46392041924
436,"D038",3,"CANAR","CULT_3","R3",994.666928841482
435,"D039",2,"CANAR","CULT_2","R2",1441.05587130458
435,"D039",4,"SANJUAN","CULT_2","R2",16790.7665879324
435,"D039",5,"SANJUAN","CULT_1","R1",16943.8701445393
435,"D039",1,"CANAR","CULT_1","R1",2679.21813498644
435,"D039",3,"CANAR","CULT_3","R3",1046.82495515979
433,"D040",1,"CANAR","CULT_1","R1",2547.01736248059
433,"D040",3,"CANAR","CULT_3","R3",1041.2179045099
433,"D040",2,"CANAR","CULT_2","R2",1413.91311839728
433,"D040",4,"SANJUAN","CULT_2","R2",16832.5824178126
433,"D040",5,"SANJUAN","CULT_1","R1",16972.7125788943
434,"D041",2,"CANAR","CULT_2","R2",1358.05569302827
434,"D041",4,"SANJUAN","CULT_2","R2",16895.7396291763
434,"D041",5,"SANJUAN","CULT_1","R1",17033.6485898376
434,"D041",1,"CANAR","CULT_1","R1",2473.38222349841
434,"D041",3,"CANAR","CULT_3","R3",996.312332958499
431,"D042",1,"CANAR","CULT_1","R1",2330.35537242802
431,"D042",5,"SANJUAN","CULT_1","R1",17193.4413623631
431,"D042",4,"SANJUAN","CULT_2","R2",17054.0172290328
431,"D042",2,"CANAR","CULT_2","R2",1195.74996728243
431,"D042",3,"CANAR","CULT_3","R3",834.355427710528
432,"D043",2,"CANAR","CULT_2","R2",1249.00005371396
432,"D043",4,"SANJUAN","CULT_2","R2",16994.3180478493
432,"D043",5,"SANJUAN","CULT_1","R1",17135.9855125194
432,"D043",1,"CANAR","CULT_1","R1",2402.10152855428
432,"D043",3,"CANAR","CULT_3","R3",874.896273124436
27,"G001a",5,"SANJUAN","CULT_1","R1",648.949022922986
27,"G001a",1,"CANAR","CULT_1","R1",19149.0194153612
27,"G001a",4,"SANJUAN","CULT_2","R2",186.512595069431
27,"G001a",2,"CANAR","CULT_2","R2",18080.2128914112
27,"G001a",3,"CANAR","CULT_3","R3",17685.2185928914
28,"G001b",3,"CANAR","CULT_3","R3",17688.0350306639
28,"G001b",1,"CANAR","CULT_1","R1",19149.710321076
28,"G001b",5,"SANJUAN","CULT_1","R1",611.985862252509
28,"G001b",4,"SANJUAN","CULT_2","R2",211.837809624356
28,"G001b",2,"CANAR","CULT_2","R2",18083.1634708874
32,"G006a",4,"SANJUAN","CULT_2","R2",260.702826681047
32,"G006a",2,"CANAR","CULT_2","R2",17994.3229969675
32,"G006a",5,"SANJUAN","CULT_1","R1",697.629310591198
32,"G006a",1,"CANAR","CULT_1","R1",19063.2917383763
32,"G006a",3,"CANAR","CULT_3","R3",17599.331437142
33,"G006b",2,"CANAR","CULT_2","R2",17992.911379074
33,"G006b",3,"CANAR","CULT_3","R3",17597.7867897753
33,"G006b",4,"SANJUAN","CULT_2","R2",281.754060200196
33,"G006b",1,"CANAR","CULT_1","R1",19059.646839117
33,"G006b",5,"SANJUAN","CULT_1","R1",664.508815137525
35,"G007a",3,"CANAR","CULT_3","R3",17554.2741319825
35,"G007a",1,"CANAR","CULT_1","R1",19018.8034474638
35,"G007a",5,"SANJUAN","CULT_1","R1",731.756365872846
35,"G007a",4,"SANJUAN","CULT_2","R2",298.85405976725
35,"G007a",2,"CANAR","CULT_2","R2",17949.2331837772
38,"G007b",1,"CANAR","CULT_1","R1",19006.6850097475
38,"G007b",3,"CANAR","CULT_3","R3",17543.8929644589
38,"G007b",2,"CANAR","CULT_2","R2",17938.9635786801
38,"G007b",4,"SANJUAN","CULT_2","R2",321.281789928045
38,"G007b",5,"SANJUAN","CULT_1","R1",710.702588848151
40,"G008a",5,"SANJUAN","CULT_1","R1",762.353641592084
40,"G008a",3,"CANAR","CULT_3","R3",17513.2955972974
40,"G008a",2,"CANAR","CULT_2","R2",17908.231272942
40,"G008a",4,"SANJUAN","CULT_2","R2",335.836524463017
40,"G008a",1,"CANAR","CULT_1","R1",18978.2444424815
42,"G008b",4,"SANJUAN","CULT_2","R2",356.828785211098
42,"G008b",3,"CANAR","CULT_3","R3",17503.0673423699
42,"G008b",2,"CANAR","CULT_2","R2",17898.1200989053
42,"G008b",5,"SANJUAN","CULT_1","R1",741.135231050423
42,"G008b",1,"CANAR","CULT_1","R1",18966.1979598055
44,"G009a",1,"CANAR","CULT_1","R1",18932.2721972475
44,"G009a",5,"SANJUAN","CULT_1","R1",802.756314877467
44,"G009a",4,"SANJUAN","CULT_2","R2",378.019670852813
44,"G009a",2,"CANAR","CULT_2","R2",17861.4467366502
44,"G009a",3,"CANAR","CULT_3","R3",17466.5564935148
46,"G009b",1,"CANAR","CULT_1","R1",18914.637767344
46,"G009b",5,"SANJUAN","CULT_1","R1",784.493238124604
46,"G009b",4,"SANJUAN","CULT_2","R2",402.657172999133
46,"G009b",2,"CANAR","CULT_2","R2",17845.878272338
46,"G009b",3,"CANAR","CULT_3","R3",17450.8619170027
47,"G010a",2,"CANAR","CULT_2","R2",17810.087860244
47,"G010a",3,"CANAR","CULT_3","R3",17415.1870680676
47,"G010a",4,"SANJUAN","CULT_2","R2",429.025628884273
47,"G010a",5,"SANJUAN","CULT_1","R1",834.657530245442
47,"G010a",1,"CANAR","CULT_1","R1",18880.8109932826
49,"G010b",1,"CANAR","CULT_1","R1",18869.7597243728
49,"G010b",5,"SANJUAN","CULT_1","R1",816.615556241399
49,"G010b",4,"SANJUAN","CULT_2","R2",445.691145009126
49,"G010b",2,"CANAR","CULT_2","R2",17800.8883266653
49,"G010b",3,"CANAR","CULT_3","R3",17405.8749293188
52,"G011a",5,"SANJUAN","CULT_1","R1",870.439135139936
52,"G011a",1,"CANAR","CULT_1","R1",18837.3034865847
52,"G011a",4,"SANJUAN","CULT_2","R2",471.112145428195
52,"G011a",2,"CANAR","CULT_2","R2",17766.1282614999
52,"G011a",3,"CANAR","CULT_3","R3",17371.2513115845
51,"G011b",5,"SANJUAN","CULT_1","R1",854.356513104829
51,"G011b",2,"CANAR","CULT_2","R2",17752.757110878
51,"G011b",3,"CANAR","CULT_3","R3",17357.7570447698
51,"G011b",1,"CANAR","CULT_1","R1",18821.917929351
51,"G011b",4,"SANJUAN","CULT_2","R2",491.404810527759
336,"G012a",1,"CANAR","CULT_1","R1",18786.6403126139
336,"G012a",5,"SANJUAN","CULT_1","R1",908.346421844482
336,"G012a",3,"CANAR","CULT_3","R3",17320.4242530135
336,"G012a",2,"CANAR","CULT_2","R2",17715.2951474449
336,"G012a",4,"SANJUAN","CULT_2","R2",521.144606751518
337,"G012b",5,"SANJUAN","CULT_1","R1",890.510866657361
337,"G012b",1,"CANAR","CULT_1","R1",18776.6881299846
337,"G012b",3,"CANAR","CULT_3","R3",17312.2996409486
337,"G012b",2,"CANAR","CULT_2","R2",17707.2892305559
337,"G012b",4,"SANJUAN","CULT_2","R2",535.142316406439
338,"G013a",4,"SANJUAN","CULT_2","R2",556.998022275686
338,"G013a",2,"CANAR","CULT_2","R2",17678.7938482227
338,"G013a",3,"CANAR","CULT_3","R3",17283.9317631495
338,"G013a",1,"CANAR","CULT_1","R1",18750.3341141486
338,"G013a",5,"SANJUAN","CULT_1","R1",937.199816986682
339,"G013b",1,"CANAR","CULT_1","R1",18745.0509422292
339,"G013b",3,"CANAR","CULT_3","R3",17280.6092610772
339,"G013b",5,"SANJUAN","CULT_1","R1",914.902135994123
339,"G013b",4,"SANJUAN","CULT_2","R2",566.189788441222
339,"G013b",2,"CANAR","CULT_2","R2",17675.5983018084
322,"G014a",2,"CANAR","CULT_2","R2",18124.5835134717
322,"G014a",3,"CANAR","CULT_3","R3",17731.554175311
322,"G014a",4,"SANJUAN","CULT_2","R2",320.932696326967
322,"G014a",5,"SANJUAN","CULT_1","R1",1141.10498569861
322,"G014a",1,"CANAR","CULT_1","R1",19222.4526635043
321,"G014b",3,"CANAR","CULT_3","R3",17761.200817025
321,"G014b",1,"CANAR","CULT_1","R1",19250.8324713079
321,"G014b",5,"SANJUAN","CULT_1","R1",1108.68464731241
321,"G014b",4,"SANJUAN","CULT_2","R2",282.064332150773
321,"G014b",2,"CANAR","CULT_2","R2",18154.3296137315
129,"G020a",1,"CANAR","CULT_1","R1",19208.836332854
129,"G020a",2,"CANAR","CULT_2","R2",18111.8390131405
129,"G020a",4,"SANJUAN","CULT_2","R2",322.113942244461
129,"G020a",3,"CANAR","CULT_3","R3",17718.7431569049
129,"G020a",5,"SANJUAN","CULT_1","R1",1128.06591593962
323,"G020b",5,"SANJUAN","CULT_1","R1",1098.08348092313
323,"G020b",1,"CANAR","CULT_1","R1",19239.6970533005
323,"G020b",2,"CANAR","CULT_2","R2",18143.8894792816
323,"G020b",4,"SANJUAN","CULT_2","R2",284.204239884057
323,"G020b",3,"CANAR","CULT_3","R3",17750.7080931125
324,"G021a",2,"CANAR","CULT_2","R2",18096.6653486108
324,"G021a",3,"CANAR","CULT_3","R3",17703.4365896791
324,"G021a",1,"CANAR","CULT_1","R1",19191.8907422578
324,"G021a",5,"SANJUAN","CULT_1","R1",1099.46260695225
324,"G021a",4,"SANJUAN","CULT_2","R2",304.631419180466
325,"G021b",2,"CANAR","CULT_2","R2",18114.1219037195
325,"G021b",3,"CANAR","CULT_3","R3",17720.7815530238
325,"G021b",1,"CANAR","CULT_1","R1",19207.803296597
325,"G021b",5,"SANJUAN","CULT_1","R1",1066.31958102918
325,"G021b",4,"SANJUAN","CULT_2","R2",271.088013864484
326,"G022a",3,"CANAR","CULT_3","R3",17627.4044574777
326,"G022a",1,"CANAR","CULT_1","R1",19115.4607446297
326,"G022a",5,"SANJUAN","CULT_1","R1",1115.23888287916
326,"G022a",4,"SANJUAN","CULT_2","R2",349.471142884229
326,"G022a",2,"CANAR","CULT_2","R2",18020.67241417
134,"G022b",4,"SANJUAN","CULT_2","R2",313.685081585244
134,"G022b",3,"CANAR","CULT_3","R3",17651.4347504102
134,"G022b",2,"CANAR","CULT_2","R2",18044.8049946462
134,"G022b",5,"SANJUAN","CULT_1","R1",1081.53891464258
134,"G022b",1,"CANAR","CULT_1","R1",19138.1631070111
135,"G023a",1,"CANAR","CULT_1","R1",19057.7799685683
135,"G023a",5,"SANJUAN","CULT_1","R1",1124.97277055323
135,"G023a",4,"SANJUAN","CULT_2","R2",386.015705909792
135,"G023a",2,"CANAR","CULT_2","R2",17963.6325457077
135,"G023a",3,"CANAR","CULT_3","R3",17570.3123244975
327,"G023b",3,"CANAR","CULT_3","R3",17597.5622342681
327,"G023b",2,"CANAR","CULT_2","R2",17990.9854188504
327,"G023b",4,"SANJUAN","CULT_2","R2",348.280813098522
327,"G023b",5,"SANJUAN","CULT_1","R1",1089.14102631796
327,"G023b",1,"CANAR","CULT_1","R1",19083.681774871
137,"G024a",1,"CANAR","CULT_1","R1",18986.5629927605
137,"G024a",5,"SANJUAN","CULT_1","R1",1150.16891326982
137,"G024a",4,"SANJUAN","CULT_2","R2",443.878528438741
137,"G024a",2,"CANAR","CULT_2","R2",17892.5950499085
137,"G024a",3,"CANAR","CULT_3","R3",17499.2550868656
328,"G024b",3,"CANAR","CULT_3","R3",17511.6800320012
328,"G024b",2,"CANAR","CULT_2","R2",17905.1573533999
328,"G024b",4,"SANJUAN","CULT_2","R2",416.420836184933
328,"G024b",5,"SANJUAN","CULT_1","R1",1112.35654821297
328,"G024b",1,"CANAR","CULT_1","R1",18997.213234629
335,"G025a",1,"CANAR","CULT_1","R1",18927.583476851
335,"G025a",3,"CANAR","CULT_3","R3",17441.16433234
335,"G025a",2,"CANAR","CULT_2","R2",17834.579832113
335,"G025a",4,"SANJUAN","CULT_2","R2",487.419801309781
335,"G025a",5,"SANJUAN","CULT_1","R1",1159.6480139475
140,"G025b",2,"CANAR","CULT_2","R2",17855.6166257906
140,"G025b",3,"CANAR","CULT_3","R3",17462.1053384147
140,"G025b",1,"CANAR","CULT_1","R1",18947.2636772163
140,"G025b",5,"SANJUAN","CULT_1","R1",1127.4697805495
140,"G025b",4,"SANJUAN","CULT_2","R2",458.426376759555
141,"G026a",3,"CANAR","CULT_3","R3",17400.464057981
141,"G026a",1,"CANAR","CULT_1","R1",18886.6347311601
141,"G026a",5,"SANJUAN","CULT_1","R1",1174.76166576563
141,"G026a",4,"SANJUAN","CULT_2","R2",522.793093019421
141,"G026a",2,"CANAR","CULT_2","R2",17793.903055047
142,"G026b",2,"CANAR","CULT_2","R2",17805.5920126013
142,"G026b",1,"CANAR","CULT_1","R1",18896.669272601
142,"G026b",3,"CANAR","CULT_3","R3",17412.0353019511
142,"G026b",5,"SANJUAN","CULT_1","R1",1142.29787282146
142,"G026b",4,"SANJUAN","CULT_2","R2",501.503347554957
144,"G027a",2,"CANAR","CULT_2","R2",17732.1636455005
144,"G027a",3,"CANAR","CULT_3","R3",17338.6781129932
144,"G027a",4,"SANJUAN","CULT_2","R2",577.098985970979
144,"G027a",5,"SANJUAN","CULT_1","R1",1197.70924791977
144,"G027a",1,"CANAR","CULT_1","R1",18824.3305910771
143,"G027b",5,"SANJUAN","CULT_1","R1",1166.79316151258
143,"G027b",3,"CANAR","CULT_3","R3",17348.85157811
143,"G027b",4,"SANJUAN","CULT_2","R2",558.769945423647
143,"G027b",2,"CANAR","CULT_2","R2",17742.4528991797
143,"G027b",1,"CANAR","CULT_1","R1",18832.9866470207
110,"G028a",4,"SANJUAN","CULT_2","R2",752.839078876536
110,"G028a",3,"CANAR","CULT_3","R3",17379.4978554184
110,"G028a",1,"CANAR","CULT_1","R1",18883.2745436908
110,"G028a",5,"SANJUAN","CULT_1","R1",1508.25208593893
110,"G028a",2,"CANAR","CULT_2","R2",17771.4600811862
145,"G028b",2,"CANAR","CULT_2","R2",17804.0014152927
145,"G028b",5,"SANJUAN","CULT_1","R1",1476.47482818882
145,"G028b",1,"CANAR","CULT_1","R1",18914.7060903512
145,"G028b",3,"CANAR","CULT_3","R3",17411.9508758883
145,"G028b",4,"SANJUAN","CULT_2","R2",715.851170569227
113,"G032a",2,"CANAR","CULT_2","R2",17691.8368739907
113,"G032a",3,"CANAR","CULT_3","R3",17299.7510536779
113,"G032a",4,"SANJUAN","CULT_2","R2",788.497563590662
113,"G032a",5,"SANJUAN","CULT_1","R1",1516.13195825576
113,"G032a",1,"CANAR","CULT_1","R1",18802.2511840212
148,"G032b",5,"SANJUAN","CULT_1","R1",1482.39873262212
148,"G032b",1,"CANAR","CULT_1","R1",18820.6286748222
148,"G032b",3,"CANAR","CULT_3","R3",17319.4847310745
148,"G032b",2,"CANAR","CULT_2","R2",17711.688873191
148,"G032b",4,"SANJUAN","CULT_2","R2",755.187704935719
151,"G033a",1,"CANAR","CULT_1","R1",18748.0855770155
151,"G033a",2,"CANAR","CULT_2","R2",17638.3951456247
151,"G033a",4,"SANJUAN","CULT_2","R2",819.201318106847
151,"G033a",3,"CANAR","CULT_3","R3",17246.24461569
151,"G033a",5,"SANJUAN","CULT_1","R1",1527.79595655588
150,"G033b",2,"CANAR","CULT_2","R2",17660.1801130838
150,"G033b",1,"CANAR","CULT_1","R1",18768.2980123814
150,"G033b",5,"SANJUAN","CULT_1","R1",1491.46294059441
150,"G033b",4,"SANJUAN","CULT_2","R2",783.81386433644
150,"G033b",3,"CANAR","CULT_3","R3",17267.9041909618
117,"G034a",1,"CANAR","CULT_1","R1",18701.8687973719
117,"G034a",2,"CANAR","CULT_2","R2",17592.8709811262
117,"G034a",4,"SANJUAN","CULT_2","R2",846.554269881526
117,"G034a",5,"SANJUAN","CULT_1","R1",1538.07263816943
117,"G034a",3,"CANAR","CULT_3","R3",17200.6593946892
152,"G034b",2,"CANAR","CULT_2","R2",17607.5508724276
152,"G034b",4,"SANJUAN","CULT_2","R2",815.661273762078
152,"G034b",5,"SANJUAN","CULT_1","R1",1502.53604494853
152,"G034b",1,"CANAR","CULT_1","R1",18714.813105047
152,"G034b",3,"CANAR","CULT_3","R3",17215.2007373859
118,"G035a",2,"CANAR","CULT_2","R2",17537.2634895892
118,"G035a",1,"CANAR","CULT_1","R1",18644.8751606507
118,"G035a",5,"SANJUAN","CULT_1","R1",1544.05187678419
118,"G035a",4,"SANJUAN","CULT_2","R2",876.859303173752
118,"G035a",3,"CANAR","CULT_3","R3",17144.9342034753
119,"G035b",3,"CANAR","CULT_3","R3",17160.4355400348
119,"G035b",1,"CANAR","CULT_1","R1",18658.8557258429
119,"G035b",5,"SANJUAN","CULT_1","R1",1509.58667840144
119,"G035b",4,"SANJUAN","CULT_2","R2",847.317273556521
119,"G035b",2,"CANAR","CULT_2","R2",17552.8951626415
121,"G036a",5,"SANJUAN","CULT_1","R1",1544.73750798554
121,"G036a",1,"CANAR","CULT_1","R1",18603.002390662
121,"G036a",4,"SANJUAN","CULT_2","R2",898.737940260008
121,"G036a",2,"CANAR","CULT_2","R2",17496.6597213797
121,"G036a",3,"CANAR","CULT_3","R3",17104.224726386
156,"G036b",5,"SANJUAN","CULT_1","R1",1505.36981295304
156,"G036b",1,"CANAR","CULT_1","R1",18621.9519108779
156,"G036b",4,"SANJUAN","CULT_2","R2",864.378954326662
156,"G036b",2,"CANAR","CULT_2","R2",17517.4126049034
156,"G036b",3,"CANAR","CULT_3","R3",17124.8370279394
122,"G037a",3,"CANAR","CULT_3","R3",17045.1238410355
122,"G037a",2,"CANAR","CULT_2","R2",17437.6103543233
122,"G037a",4,"SANJUAN","CULT_2","R2",944.833841815979
122,"G037a",1,"CANAR","CULT_1","R1",18543.381338455
122,"G037a",5,"SANJUAN","CULT_1","R1",1568.00835227276
159,"G037b",4,"SANJUAN","CULT_2","R2",918.59794290762
159,"G037b",5,"SANJUAN","CULT_1","R1",1535.40902671664
159,"G037b",1,"CANAR","CULT_1","R1",18556.2814846159
159,"G037b",2,"CANAR","CULT_2","R2",17452.1126200098
159,"G037b",3,"CANAR","CULT_3","R3",17059.5012834111
124,"G038a",1,"CANAR","CULT_1","R1",18458.7045634389
124,"G038a",3,"CANAR","CULT_3","R3",16961.6583039269
124,"G038a",2,"CANAR","CULT_2","R2",17354.2579375825
124,"G038a",5,"SANJUAN","CULT_1","R1",1596.69228794074
124,"G038a",4,"SANJUAN","CULT_2","R2",1008.615406104
161,"G038b",5,"SANJUAN","CULT_1","R1",1559.47630909706
161,"G038b",3,"CANAR","CULT_3","R3",16988.8996492422
161,"G038b",2,"CANAR","CULT_2","R2",17381.6073603085
161,"G038b",4,"SANJUAN","CULT_2","R2",973.335171262631
161,"G038b",1,"CANAR","CULT_1","R1",18484.6343242589
396,"H001",3,"CANAR","CULT_3","R3",231.999089141732
396,"H001",2,"CANAR","CULT_2","R2",498.753434200274
396,"H001",4,"SANJUAN","CULT_2","R2",17750.8769464668
396,"H001",5,"SANJUAN","CULT_1","R1",17892.2279752909
396,"H001",1,"CANAR","CULT_1","R1",1692.07170106363
414,"H002",3,"CANAR","CULT_3","R3",253.667285831731
414,"H002",2,"CANAR","CULT_2","R2",427.110802197942
414,"H002",4,"SANJUAN","CULT_2","R2",17840.6997252544
414,"H002",5,"SANJUAN","CULT_1","R1",17979.9618671421
414,"H002",1,"CANAR","CULT_1","R1",1590.027745509
426,"H003",2,"CANAR","CULT_2","R2",298.30833025742
426,"H003",1,"CANAR","CULT_1","R1",957.048819920726
426,"H003",3,"CANAR","CULT_3","R3",707.122148897874
426,"H003",5,"SANJUAN","CULT_1","R1",18542.4187696251
426,"H003",4,"SANJUAN","CULT_2","R2",18414.4397734623
398,"H004",3,"CANAR","CULT_3","R3",905.966541210674
398,"H004",2,"CANAR","CULT_2","R2",488.582406924142
398,"H004",4,"SANJUAN","CULT_2","R2",18503.5342602707
398,"H004",5,"SANJUAN","CULT_1","R1",18624.1813542142
398,"H004",1,"CANAR","CULT_1","R1",819.92930044313
412,"H006",4,"SANJUAN","CULT_2","R2",17792.6880692516
412,"H006",5,"SANJUAN","CULT_1","R1",17938.7480073267
412,"H006",1,"CANAR","CULT_1","R1",1705.22268838072
412,"H006",3,"CANAR","CULT_3","R3",109.45756338626
412,"H006",2,"CANAR","CULT_2","R2",445.786817625228
413,"H007",4,"SANJUAN","CULT_2","R2",17793.7338901723
413,"H007",3,"CANAR","CULT_3","R3",127.009176428805
413,"H007",2,"CANAR","CULT_2","R2",444.660889089234
413,"H007",5,"SANJUAN","CULT_1","R1",17938.9607030514
413,"H007",1,"CANAR","CULT_1","R1",1694.76213010804
419,"H008",4,"SANJUAN","CULT_2","R2",18195.044278286
419,"H008",3,"CANAR","CULT_3","R3",414.106613570608
419,"H008",1,"CANAR","CULT_1","R1",1238.35743932855
419,"H008",5,"SANJUAN","CULT_1","R1",18331.161506167
419,"H008",2,"CANAR","CULT_2","R2",225.186395981665
415,"H009",4,"SANJUAN","CULT_2","R2",18065.4763698272
415,"H009",1,"CANAR","CULT_1","R1",1311.18115097298
415,"H009",2,"CANAR","CULT_2","R2",391.269624211667
415,"H009",3,"CANAR","CULT_3","R3",474.941665798153
415,"H009",5,"SANJUAN","CULT_1","R1",18196.7453439602
392,"H011",3,"CANAR","CULT_3","R3",110.128009720925
392,"H011",2,"CANAR","CULT_2","R2",463.543420642751
392,"H011",4,"SANJUAN","CULT_2","R2",17775.3915574507
392,"H011",5,"SANJUAN","CULT_1","R1",17921.9474620023
392,"H011",1,"CANAR","CULT_1","R1",1726.05242907287
417,"H012",5,"SANJUAN","CULT_1","R1",18282.9913071363
417,"H012",1,"CANAR","CULT_1","R1",1267.2056709081
417,"H012",3,"CANAR","CULT_3","R3",417.559357401736
417,"H012",2,"CANAR","CULT_2","R2",274.192742375323
417,"H012",4,"SANJUAN","CULT_2","R2",18148.1215521186
420,"H013",2,"CANAR","CULT_2","R2",192.027746375218
420,"H013",1,"CANAR","CULT_1","R1",1194.71345767348
420,"H013",5,"SANJUAN","CULT_1","R1",18385.525221418
420,"H013",4,"SANJUAN","CULT_2","R2",18249.0614717843
420,"H013",3,"CANAR","CULT_3","R3",439.735454032954
418,"H014",3,"CANAR","CULT_3","R3",409.611131613124
418,"H014",2,"CANAR","CULT_2","R2",256.293975027171
418,"H014",5,"SANJUAN","CULT_1","R1",18294.7170827984
418,"H014",4,"SANJUAN","CULT_2","R2",18159.2560056117
418,"H014",1,"CANAR","CULT_1","R1",1263.25502870825
422,"H015",3,"CANAR","CULT_3","R3",924.317969808097
422,"H015",1,"CANAR","CULT_1","R1",908.708589093539
422,"H015",5,"SANJUAN","CULT_1","R1",18517.5531340271
422,"H015",4,"SANJUAN","CULT_2","R2",18400.4185517011
422,"H015",2,"CANAR","CULT_2","R2",572.560936398851
425,"H016",2,"CANAR","CULT_2","R2",505.23985141441
425,"H016",1,"CANAR","CULT_1","R1",847.300722304874
425,"H016",5,"SANJUAN","CULT_1","R1",18591.316111763
425,"H016",3,"CANAR","CULT_3","R3",903.791678230521
425,"H016",4,"SANJUAN","CULT_2","R2",18471.4789417939
424,"H017",4,"SANJUAN","CULT_2","R2",18438.9548439776
424,"H017",5,"SANJUAN","CULT_1","R1",18560.238344341
424,"H017",3,"CANAR","CULT_3","R3",855.680345676913
424,"H017",2,"CANAR","CULT_2","R2",467.142765998198
424,"H017",1,"CANAR","CULT_1","R1",886.183825492022
427,"H018",4,"SANJUAN","CULT_2","R2",18441.8332017749
427,"H018",2,"CANAR","CULT_2","R2",331.728512035862
427,"H018",1,"CANAR","CULT_1","R1",919.990776546074
427,"H018",5,"SANJUAN","CULT_1","R1",18568.4792207861
427,"H018",3,"CANAR","CULT_3","R3",750.136877026658
393,"H019",1,"CANAR","CULT_1","R1",1763.41497484117
393,"H019",3,"CANAR","CULT_3","R3",145.924966870965
393,"H019",2,"CANAR","CULT_2","R2",507.726308070483
393,"H019",4,"SANJUAN","CULT_2","R2",17730.9737360603
393,"H019",5,"SANJUAN","CULT_1","R1",17877.3997154436
394,"H020",3,"CANAR","CULT_3","R3",117.405604867091
394,"H020",1,"CANAR","CULT_1","R1",1750.60578320214
394,"H020",5,"SANJUAN","CULT_1","R1",17901.2970227585
394,"H020",4,"SANJUAN","CULT_2","R2",17754.215316357
394,"H020",2,"CANAR","CULT_2","R2",485.481115054241
395,"H021",1,"CANAR","CULT_1","R1",1793.62535581339
395,"H021",5,"SANJUAN","CULT_1","R1",17867.6787655531
395,"H021",4,"SANJUAN","CULT_2","R2",17719.4974628258
395,"H021",3,"CANAR","CULT_3","R3",134.220575048391
395,"H021",2,"CANAR","CULT_2","R2",522.647460938264
416,"H022",5,"SANJUAN","CULT_1","R1",18390.070225301
416,"H022",3,"CANAR","CULT_3","R3",608.59594426605
416,"H022",2,"CANAR","CULT_2","R2",330.087837818179
416,"H022",4,"SANJUAN","CULT_2","R2",18261.5128034761
416,"H022",1,"CANAR","CULT_1","R1",1105.05601941401
421,"H023",1,"CANAR","CULT_1","R1",1190.00535992964
421,"H023",3,"CANAR","CULT_3","R3",449.652320367332
421,"H023",2,"CANAR","CULT_2","R2",203.713395824926
421,"H023",4,"SANJUAN","CULT_2","R2",18246.3802977224
421,"H023",5,"SANJUAN","CULT_1","R1",18382.2352977781
397,"H024",2,"CANAR","CULT_2","R2",639.247895312051
397,"H024",5,"SANJUAN","CULT_1","R1",18497.7147317124
397,"H024",1,"CANAR","CULT_1","R1",922.870463871315
397,"H024",4,"SANJUAN","CULT_2","R2",18383.1892447033
397,"H024",3,"CANAR","CULT_3","R3",974.298332995408
423,"H025",4,"SANJUAN","CULT_2","R2",18299.0080447405
423,"H025",3,"CANAR","CULT_3","R3",973.070958193758
423,"H025",2,"CANAR","CULT_2","R2",685.199222775007
423,"H025",5,"SANJUAN","CULT_1","R1",18412.13598057
423,"H025",1,"CANAR","CULT_1","R1",1007.48081805358
428,"H026",1,"CANAR","CULT_1","R1",1061.5653141368
428,"H026",4,"SANJUAN","CULT_2","R2",18314.7121974888
428,"H026",2,"CANAR","CULT_2","R2",288.494185129927
428,"H026",3,"CANAR","CULT_3","R3",620.612224377643
428,"H026",5,"SANJUAN","CULT_1","R1",18444.0274250148
429,"H027",3,"CANAR","CULT_3","R3",619.090251094133
429,"H027",5,"SANJUAN","CULT_1","R1",18432.3576668131
429,"H027",4,"SANJUAN","CULT_2","R2",18303.2763333019
429,"H027",2,"CANAR","CULT_2","R2",298.643324697881
429,"H027",1,"CANAR","CULT_1","R1",1070.19474004285
228,"P001",3,"CANAR","CULT_3","R3",1707.48054621818
228,"P001",2,"CANAR","CULT_2","R2",1174.41674671672
228,"P001",4,"SANJUAN","CULT_2","R2",19424.1600252597
228,"P001",5,"SANJUAN","CULT_1","R1",19538.2141127542
228,"P001",1,"CANAR","CULT_1","R1",28.0814991083228
227,"P002",5,"SANJUAN","CULT_1","R1",19605.3573660222
227,"P002",2,"CANAR","CULT_2","R2",1223.37857263814
227,"P002",1,"CANAR","CULT_1","R1",33.7762188995551
227,"P002",4,"SANJUAN","CULT_2","R2",19490.8229340827
227,"P002",3,"CANAR","CULT_3","R3",1755.92196307755
229,"P003",1,"CANAR","CULT_1","R1",1.76238311159809
229,"P003",3,"CANAR","CULT_3","R3",1703.35204214361
229,"P003",2,"CANAR","CULT_2","R2",1170.73696900917
229,"P003",4,"SANJUAN","CULT_2","R2",19375.5561351089
229,"P003",5,"SANJUAN","CULT_1","R1",19487.2814124828
239,"P004",2,"CANAR","CULT_2","R2",33.2857559993704
239,"P004",3,"CANAR","CULT_3","R3",312.029344427839
239,"P004",4,"SANJUAN","CULT_2","R2",18314.3188923523
239,"P004",5,"SANJUAN","CULT_1","R1",18462.5415577148
239,"P004",1,"CANAR","CULT_1","R1",1306.17318873246
292,"P005",5,"SANJUAN","CULT_1","R1",18066.4948347658
292,"P005",1,"CANAR","CULT_1","R1",1699.12016120617
292,"P005",3,"CANAR","CULT_3","R3",30.7772968497148
292,"P005",2,"CANAR","CULT_2","R2",318.48425959081
292,"P005",4,"SANJUAN","CULT_2","R2",17913.2072984896
290,"P006",1,"CANAR","CULT_1","R1",1648.06051172798
290,"P006",5,"SANJUAN","CULT_1","R1",18133.8919861683
290,"P006",4,"SANJUAN","CULT_2","R2",17980.4704527596
290,"P006",2,"CANAR","CULT_2","R2",251.382718592763
290,"P006",3,"CANAR","CULT_3","R3",20.4413259018529
267,"P007",2,"CANAR","CULT_2","R2",257.891539272982
267,"P007",4,"SANJUAN","CULT_2","R2",18824.3006780188
267,"P007",5,"SANJUAN","CULT_1","R1",18971.0623316455
267,"P007",3,"CANAR","CULT_3","R3",811.885161406264
267,"P007",1,"CANAR","CULT_1","R1",924.111935403499
231,"P008",5,"SANJUAN","CULT_1","R1",19544.66119005
231,"P008",3,"CANAR","CULT_3","R3",1678.86643187723
231,"P008",2,"CANAR","CULT_2","R2",1146.43419606547
231,"P008",4,"SANJUAN","CULT_2","R2",19428.3747673393
231,"P008",1,"CANAR","CULT_1","R1",31.6200582797096
230,"P009",1,"CANAR","CULT_1","R1",25.1096587875074
230,"P009",2,"CANAR","CULT_2","R2",1241.75580594155
230,"P009",4,"SANJUAN","CULT_2","R2",19488.8292120982
230,"P009",5,"SANJUAN","CULT_1","R1",19601.9354744413
230,"P009",3,"CANAR","CULT_3","R3",1774.71782247446
232,"P010",1,"CANAR","CULT_1","R1",27.4445582198034
232,"P010",3,"CANAR","CULT_3","R3",1729.6135781624
232,"P010",2,"CANAR","CULT_2","R2",1198.64297865272
232,"P010",4,"SANJUAN","CULT_2","R2",19500.7802246465
232,"P010",5,"SANJUAN","CULT_1","R1",19617.8365375129
237,"P011",5,"SANJUAN","CULT_1","R1",18531.5255103548
237,"P011",1,"CANAR","CULT_1","R1",1296.83753842321
237,"P011",4,"SANJUAN","CULT_2","R2",18380.6833812546
237,"P011",2,"CANAR","CULT_2","R2",21.2609231021239
237,"P011",3,"CANAR","CULT_3","R3",358.448203752212
241,"P012",1,"CANAR","CULT_1","R1",1123.53809279551
241,"P012",5,"SANJUAN","CULT_1","R1",18584.5438986518
241,"P012",4,"SANJUAN","CULT_2","R2",18441.7744414222
241,"P012",2,"CANAR","CULT_2","R2",17.4209668628755
241,"P012",3,"CANAR","CULT_3","R3",487.479306827459
265,"P013",3,"CANAR","CULT_3","R3",515.721340369466
265,"P013",2,"CANAR","CULT_2","R2",28.8533311018303
265,"P013",4,"SANJUAN","CULT_2","R2",18539.7307967224
265,"P013",5,"SANJUAN","CULT_1","R1",18690.5155739982
265,"P013",1,"CANAR","CULT_1","R1",1182.5458342074
272,"P014",1,"CANAR","CULT_1","R1",1202.39242939884
272,"P014",5,"SANJUAN","CULT_1","R1",18507.7488663385
272,"P014",3,"CANAR","CULT_3","R3",408.045638805345
272,"P014",2,"CANAR","CULT_2","R2",13.1721916383442
272,"P014",4,"SANJUAN","CULT_2","R2",18363.9124527707
270,"P015",1,"CANAR","CULT_1","R1",1204.75552287257
270,"P015",5,"SANJUAN","CULT_1","R1",18560.8465578566
270,"P015",4,"SANJUAN","CULT_2","R2",18414.1329057625
270,"P015",2,"CANAR","CULT_2","R2",27.6121821841484
270,"P015",3,"CANAR","CULT_3","R3",418.170132039015
242,"P016",3,"CANAR","CULT_3","R3",436.134809032794
242,"P016",2,"CANAR","CULT_2","R2",26.5974118630404
242,"P016",4,"SANJUAN","CULT_2","R2",18450.5994520772
242,"P016",5,"SANJUAN","CULT_1","R1",18599.5063652058
242,"P016",1,"CANAR","CULT_1","R1",1212.69158604007
238,"P017",2,"CANAR","CULT_2","R2",15.2440447928087
238,"P017",3,"CANAR","CULT_3","R3",306.884221328274
238,"P017",1,"CANAR","CULT_1","R1",1354.17851845144
238,"P017",5,"SANJUAN","CULT_1","R1",18485.212153337
238,"P017",4,"SANJUAN","CULT_2","R2",18333.0488942171
240,"P018",1,"CANAR","CULT_1","R1",1274.04514593027
240,"P018",5,"SANJUAN","CULT_1","R1",18458.8762483562
240,"P018",4,"SANJUAN","CULT_2","R2",18312.9208449468
240,"P018",2,"CANAR","CULT_2","R2",30.8301270263606
240,"P018",3,"CANAR","CULT_3","R3",336.748688644157
293,"P020",5,"SANJUAN","CULT_1","R1",18051.6440335071
293,"P020",4,"SANJUAN","CULT_2","R2",17900.1729893647
293,"P020",2,"CANAR","CULT_2","R2",333.888821375793
293,"P020",3,"CANAR","CULT_3","R3",23.3752396144467
293,"P020",1,"CANAR","CULT_1","R1",1683.68121275737
289,"P021",5,"SANJUAN","CULT_1","R1",18214.448142025
289,"P021",4,"SANJUAN","CULT_2","R2",18067.6653496533
289,"P021",2,"CANAR","CULT_2","R2",174.377941708229
289,"P021",3,"CANAR","CULT_3","R3",131.845461912974
289,"P021",1,"CANAR","CULT_1","R1",1481.58514784572
288,"P022",2,"CANAR","CULT_2","R2",104.028404752136
288,"P022",3,"CANAR","CULT_3","R3",158.295108438627
288,"P022",4,"SANJUAN","CULT_2","R2",18167.3318099466
288,"P022",5,"SANJUAN","CULT_1","R1",18323.8074502794
288,"P022",1,"CANAR","CULT_1","R1",1548.8211778141
307,"P023",2,"CANAR","CULT_2","R2",443.937634366783
307,"P023",1,"CANAR","CULT_1","R1",1837.13541844829
307,"P023",5,"SANJUAN","CULT_1","R1",17950.8190321673
307,"P023",4,"SANJUAN","CULT_2","R2",17794.5418861167
307,"P023",3,"CANAR","CULT_3","R3",102.732414419627
287,"P024",5,"SANJUAN","CULT_1","R1",18346.4745168089
287,"P024",4,"SANJUAN","CULT_2","R2",18196.8061488895
287,"P024",2,"CANAR","CULT_2","R2",54.4088273025076
287,"P024",3,"CANAR","CULT_3","R3",190.841030820224
287,"P024",1,"CANAR","CULT_1","R1",1421.46274116751
294,"P026",4,"SANJUAN","CULT_2","R2",17712.115291367
294,"P026",2,"CANAR","CULT_2","R2",521.401378600723
294,"P026",5,"SANJUAN","CULT_1","R1",17867.1232353766
294,"P026",1,"CANAR","CULT_1","R1",1886.20864665504
294,"P026",3,"CANAR","CULT_3","R3",157.560237517403
243,"P027",5,"SANJUAN","CULT_1","R1",18673.3009155735
243,"P027",1,"CANAR","CULT_1","R1",1076.0550354667
243,"P027",3,"CANAR","CULT_3","R3",548.15070880705
243,"P027",4,"SANJUAN","CULT_2","R2",18529.1133956099
243,"P027",2,"CANAR","CULT_2","R2",56.8541920289859
236,"P028",3,"CANAR","CULT_3","R3",1518.30866339656
236,"P028",1,"CANAR","CULT_1","R1",91.7995745124061
236,"P028",5,"SANJUAN","CULT_1","R1",19361.8887837785
236,"P028",4,"SANJUAN","CULT_2","R2",19244.9443808383
236,"P028",2,"CANAR","CULT_2","R2",985.287627915535
235,"P030",1,"CANAR","CULT_1","R1",257.052959353677
235,"P030",3,"CANAR","CULT_3","R3",1352.73893115623
235,"P030",2,"CANAR","CULT_2","R2",820.033605487808
235,"P030",4,"SANJUAN","CULT_2","R2",19097.5045224114
235,"P030",5,"SANJUAN","CULT_1","R1",19217.5504643555
234,"P031",3,"CANAR","CULT_3","R3",1397.82759474368
234,"P031",1,"CANAR","CULT_1","R1",242.025244839239
234,"P031",5,"SANJUAN","CULT_1","R1",19377.4192843155
234,"P031",4,"SANJUAN","CULT_2","R2",19251.3612720541
234,"P031",2,"CANAR","CULT_2","R2",869.856542623791
264,"P033",5,"SANJUAN","CULT_1","R1",18821.0577728141
264,"P033",1,"CANAR","CULT_1","R1",862.880054838869
264,"P033",4,"SANJUAN","CULT_2","R2",18682.8197984181
264,"P033",2,"CANAR","CULT_2","R2",224.3790967031
264,"P033",3,"CANAR","CULT_3","R3",751.923649544528
291,"P034",5,"SANJUAN","CULT_1","R1",18121.2086054358
291,"P034",4,"SANJUAN","CULT_2","R2",17963.707209623
291,"P034",2,"CANAR","CULT_2","R2",290.447091235529
291,"P034",3,"CANAR","CULT_3","R3",43.4699307760296
291,"P034",1,"CANAR","CULT_1","R1",1722.33626319815
233,"P035",5,"SANJUAN","CULT_1","R1",19586.3460480277
233,"P035",3,"CANAR","CULT_3","R3",1651.93555847668
233,"P035",2,"CANAR","CULT_2","R2",1123.71689359899
233,"P035",4,"SANJUAN","CULT_2","R2",19465.6502198497
233,"P035",1,"CANAR","CULT_1","R1",60.9536952342614
266,"P037",3,"CANAR","CULT_3","R3",657.231429371473
266,"P037",2,"CANAR","CULT_2","R2",103.938934587464
266,"P037",4,"SANJUAN","CULT_2","R2",18672.7134813501
266,"P037",5,"SANJUAN","CULT_1","R1",18820.7798160228
266,"P037",1,"CANAR","CULT_1","R1",1042.90867772748
268,"P038",1,"CANAR","CULT_1","R1",756.085204499883
268,"P038",4,"SANJUAN","CULT_2","R2",18950.4795425302
268,"P038",2,"CANAR","CULT_2","R2",417.696927867713
268,"P038",3,"CANAR","CULT_3","R3",961.188778818948
268,"P038",5,"SANJUAN","CULT_1","R1",19092.6564120817
318,"T001a",1,"CANAR","CULT_1","R1",1246.95651488702
318,"T001a",5,"SANJUAN","CULT_1","R1",18367.8423848786
318,"T001a",4,"SANJUAN","CULT_2","R2",18228.5602274727
318,"T001a",2,"CANAR","CULT_2","R2",138.719440546672
318,"T001a",3,"CANAR","CULT_3","R3",374.551292681497
319,"T001b",1,"CANAR","CULT_1","R1",1286.09176620141
319,"T001b",3,"CANAR","CULT_3","R3",338.850903674748
319,"T001b",2,"CANAR","CULT_2","R2",142.261291741405
319,"T001b",4,"SANJUAN","CULT_2","R2",18190.8491416088
319,"T001b",5,"SANJUAN","CULT_1","R1",18330.6817241071
317,"T002a",3,"CANAR","CULT_3","R3",409.315538141144
317,"T002a",1,"CANAR","CULT_1","R1",1235.82437568353
317,"T002a",5,"SANJUAN","CULT_1","R1",18340.7447411455
317,"T002a",4,"SANJUAN","CULT_2","R2",18204.1372231181
317,"T002a",2,"CANAR","CULT_2","R2",210.006293477254
320,"T002b",1,"CANAR","CULT_1","R1",1269.23366115472
320,"T002b",2,"CANAR","CULT_2","R2",201.273440983006
320,"T002b",4,"SANJUAN","CULT_2","R2",18177.9937294985
320,"T002b",3,"CANAR","CULT_3","R3",375.959862270354
320,"T002b",5,"SANJUAN","CULT_1","R1",18315.508963232
315,"T003a",5,"SANJUAN","CULT_1","R1",18304.7902317142
315,"T003a",4,"SANJUAN","CULT_2","R2",18170.7863666089
315,"T003a",2,"CANAR","CULT_2","R2",283.766310812952
315,"T003a",1,"CANAR","CULT_1","R1",1237.94479664289
315,"T003a",3,"CANAR","CULT_3","R3",446.854615789874
316,"T003b",2,"CANAR","CULT_2","R2",281.792610971302
316,"T003b",3,"CANAR","CULT_3","R3",412.997153356934
316,"T003b",4,"SANJUAN","CULT_2","R2",18133.2452454835
316,"T003b",5,"SANJUAN","CULT_1","R1",18268.0387202319
316,"T003b",1,"CANAR","CULT_1","R1",1279.93265519557
312,"T004a",5,"SANJUAN","CULT_1","R1",18260.1051490053
312,"T004a",1,"CANAR","CULT_1","R1",1254.26719948583
312,"T004a",3,"CANAR","CULT_3","R3",485.917237846189
312,"T004a",2,"CANAR","CULT_2","R2",358.300653882473
312,"T004a",4,"SANJUAN","CULT_2","R2",18128.56116678
314,"T004b",1,"CANAR","CULT_1","R1",1293.95506157191
314,"T004b",3,"CANAR","CULT_3","R3",460.32476550551
314,"T004b",5,"SANJUAN","CULT_1","R1",18223.7026353538
314,"T004b",4,"SANJUAN","CULT_2","R2",18091.5517396044
314,"T004b",2,"CANAR","CULT_2","R2",359.671108535538
310,"T005a",5,"SANJUAN","CULT_1","R1",18238.9209779976
310,"T005a",2,"CANAR","CULT_2","R2",406.329789314477
310,"T005a",4,"SANJUAN","CULT_2","R2",18109.1290206072
310,"T005a",1,"CANAR","CULT_1","R1",1258.58022899524
310,"T005a",3,"CANAR","CULT_3","R3",521.228990701537
309,"T005b",3,"CANAR","CULT_3","R3",510.32770116203
309,"T005b",2,"CANAR","CULT_2","R2",417.415387298185
309,"T005b",4,"SANJUAN","CULT_2","R2",18075.9421745627
309,"T005b",5,"SANJUAN","CULT_1","R1",18205.8401241646
309,"T005b",1,"CANAR","CULT_1","R1",1290.84445780708
260,"T006a",3,"CANAR","CULT_3","R3",559.055297242644
260,"T006a",1,"CANAR","CULT_1","R1",1330.22480966006
260,"T006a",5,"SANJUAN","CULT_1","R1",18143.5115043638
260,"T006a",4,"SANJUAN","CULT_2","R2",18016.2383867821
260,"T006a",2,"CANAR","CULT_2","R2",502.730025661659
261,"T006b",3,"CANAR","CULT_3","R3",526.526105694451
261,"T006b",1,"CANAR","CULT_1","R1",1366.19317285197
261,"T006b",5,"SANJUAN","CULT_1","R1",18114.486409239
261,"T006b",4,"SANJUAN","CULT_2","R2",17986.1182981002
261,"T006b",2,"CANAR","CULT_2","R2",494.072350645654
257,"T007a",1,"CANAR","CULT_1","R1",1327.54221756302
257,"T007a",3,"CANAR","CULT_3","R3",641.161275007829
257,"T007a",2,"CANAR","CULT_2","R2",589.470082579103
257,"T007a",4,"SANJUAN","CULT_2","R2",17999.3334471504
257,"T007a",5,"SANJUAN","CULT_1","R1",18123.0626721513
258,"T007b",1,"CANAR","CULT_1","R1",1363.40287403148
258,"T007b",5,"SANJUAN","CULT_1","R1",18094.5256310283
258,"T007b",4,"SANJUAN","CULT_2","R2",17969.410534637
258,"T007b",2,"CANAR","CULT_2","R2",572.419713391746
258,"T007b",3,"CANAR","CULT_3","R3",602.914853582161
256,"T008a",2,"CANAR","CULT_2","R2",665.22293406667
256,"T008a",3,"CANAR","CULT_3","R3",697.768093010572
256,"T008a",5,"SANJUAN","CULT_1","R1",18078.1050484319
256,"T008a",4,"SANJUAN","CULT_2","R2",17956.9354976494
256,"T008a",1,"CANAR","CULT_1","R1",1359.49371032344
259,"T008b",5,"SANJUAN","CULT_1","R1",18048.539565685
259,"T008b",2,"CANAR","CULT_2","R2",655.897582462552
259,"T008b",3,"CANAR","CULT_3","R3",669.136579718854
259,"T008b",1,"CANAR","CULT_1","R1",1393.35709105058
259,"T008b",4,"SANJUAN","CULT_2","R2",17926.2978937825
363,"T009a",5,"SANJUAN","CULT_1","R1",18013.2461487279
363,"T009a",3,"CANAR","CULT_3","R3",43.3373808025885
363,"T009a",2,"CANAR","CULT_2","R2",376.851430423643
363,"T009a",4,"SANJUAN","CULT_2","R2",17865.5183550329
363,"T009a",1,"CANAR","CULT_1","R1",1662.70680155968
364,"T009b",1,"CANAR","CULT_1","R1",1696.14662038653
364,"T009b",3,"CANAR","CULT_3","R3",39.7537444840234
364,"T009b",4,"SANJUAN","CULT_2","R2",17835.0760740381
364,"T009b",5,"SANJUAN","CULT_1","R1",17983.406252139
364,"T009b",2,"CANAR","CULT_2","R2",409.179006192527
245,"T010a",4,"SANJUAN","CULT_2","R2",17826.1875745495
245,"T010a",3,"CANAR","CULT_3","R3",121.341319671058
245,"T010a",5,"SANJUAN","CULT_1","R1",17971.1319038204
245,"T010a",1,"CANAR","CULT_1","R1",1663.0979830143
245,"T010a",2,"CANAR","CULT_2","R2",412.39593936098
247,"T010b",3,"CANAR","CULT_3","R3",119.158722642939
247,"T010b",2,"CANAR","CULT_2","R2",439.647744322143
247,"T010b",4,"SANJUAN","CULT_2","R2",17798.6689905832
247,"T010b",5,"SANJUAN","CULT_1","R1",17944.1505908764
247,"T010b",1,"CANAR","CULT_1","R1",1693.33799290026
248,"T011a",1,"CANAR","CULT_1","R1",1644.63584426004
248,"T011a",5,"SANJUAN","CULT_1","R1",17948.5986156342
248,"T011a",4,"SANJUAN","CULT_2","R2",17806.9256497438
248,"T011a",2,"CANAR","CULT_2","R2",442.083288176765
248,"T011a",3,"CANAR","CULT_3","R3",203.910145524505
250,"T011b",1,"CANAR","CULT_1","R1",1679.99700435208
250,"T011b",5,"SANJUAN","CULT_1","R1",17917.252809894
250,"T011b",4,"SANJUAN","CULT_2","R2",17774.9384371539
250,"T011b",2,"CANAR","CULT_2","R2",470.454283636766
250,"T011b",3,"CANAR","CULT_3","R3",200.425590142239
251,"T012a",1,"CANAR","CULT_1","R1",1654.9563371303
251,"T012a",5,"SANJUAN","CULT_1","R1",17909.4006899684
251,"T012a",4,"SANJUAN","CULT_2","R2",17770.1042525263
251,"T012a",2,"CANAR","CULT_2","R2",493.598143992347
251,"T012a",3,"CANAR","CULT_3","R3",271.752523100021
253,"T012b",3,"CANAR","CULT_3","R3",264.630786030086
253,"T012b",2,"CANAR","CULT_2","R2",515.515499983523
253,"T012b",4,"SANJUAN","CULT_2","R2",17741.5007299423
253,"T012b",5,"SANJUAN","CULT_1","R1",17881.5693521482
253,"T012b",1,"CANAR","CULT_1","R1",1688.36328814714
254,"T013a",3,"CANAR","CULT_3","R3",336.385883560261
254,"T013a",2,"CANAR","CULT_2","R2",548.952319157005
254,"T013a",4,"SANJUAN","CULT_2","R2",17731.9324052386
254,"T013a",5,"SANJUAN","CULT_1","R1",17869.0048646281
254,"T013a",1,"CANAR","CULT_1","R1",1670.9090011061
255,"T013b",3,"CANAR","CULT_3","R3",328.579128549894
255,"T013b",2,"CANAR","CULT_2","R2",569.324029747745
255,"T013b",4,"SANJUAN","CULT_2","R2",17701.6984490851
255,"T013b",5,"SANJUAN","CULT_1","R1",17839.6688772049
255,"T013b",1,"CANAR","CULT_1","R1",1706.5855207376
400,"T014a",1,"CANAR","CULT_1","R1",1675.25112300148
400,"T014a",5,"SANJUAN","CULT_1","R1",17840.8088849824
400,"T014a",3,"CANAR","CULT_3","R3",404.41815001248
400,"T014a",4,"SANJUAN","CULT_2","R2",17706.3018173952
400,"T014a",2,"CANAR","CULT_2","R2",599.238879908081
401,"T014b",1,"CANAR","CULT_1","R1",1714.24471492602
401,"T014b",3,"CANAR","CULT_3","R3",396.437670777285
401,"T014b",2,"CANAR","CULT_2","R2",619.398292498237
401,"T014b",4,"SANJUAN","CULT_2","R2",17672.6188227619
401,"T014b",5,"SANJUAN","CULT_1","R1",17808.0950463176
402,"T015a",3,"CANAR","CULT_3","R3",468.35484102849
402,"T015a",2,"CANAR","CULT_2","R2",650.62184806253
402,"T015a",4,"SANJUAN","CULT_2","R2",17680.6459296511
402,"T015a",5,"SANJUAN","CULT_1","R1",17812.7624034572
402,"T015a",1,"CANAR","CULT_1","R1",1683.43095892019
403,"T015b",4,"SANJUAN","CULT_2","R2",17647.5371257347
403,"T015b",1,"CANAR","CULT_1","R1",1719.36993756379
403,"T015b",5,"SANJUAN","CULT_1","R1",17780.2975432858
403,"T015b",2,"CANAR","CULT_2","R2",671.700682067917
403,"T015b",3,"CANAR","CULT_3","R3",467.259694493068
404,"T016a",3,"CANAR","CULT_3","R3",549.388512322871
404,"T016a",1,"CANAR","CULT_1","R1",1670.03629388119
404,"T016a",5,"SANJUAN","CULT_1","R1",17802.0361537916
404,"T016a",4,"SANJUAN","CULT_2","R2",17673.3401077637
404,"T016a",2,"CANAR","CULT_2","R2",703.738824177054
405,"T016b",3,"CANAR","CULT_3","R3",551.597366442317
405,"T016b",2,"CANAR","CULT_2","R2",730.787319491438
405,"T016b",4,"SANJUAN","CULT_2","R2",17630.267843508
405,"T016b",5,"SANJUAN","CULT_1","R1",17759.5567909877
405,"T016b",1,"CANAR","CULT_1","R1",1715.02454791222
351,"T017a",3,"CANAR","CULT_3","R3",745.654893522922
351,"T017a",5,"SANJUAN","CULT_1","R1",18695.27799435
351,"T017a",4,"SANJUAN","CULT_2","R2",18563.2439257174
351,"T017a",2,"CANAR","CULT_2","R2",232.530714229527
351,"T017a",1,"CANAR","CULT_1","R1",868.919368528403
352,"T017b",4,"SANJUAN","CULT_2","R2",18529.5633164181
352,"T017b",3,"CANAR","CULT_3","R3",712.594803375323
352,"T017b",2,"CANAR","CULT_2","R2",208.029985874555
352,"T017b",5,"SANJUAN","CULT_1","R1",18662.0119208484
352,"T017b",1,"CANAR","CULT_1","R1",902.928101548899
353,"T018a",2,"CANAR","CULT_2","R2",446.878039191746
353,"T018a",3,"CANAR","CULT_3","R3",886.381267827593
353,"T018a",1,"CANAR","CULT_1","R1",804.391672172972
353,"T018a",5,"SANJUAN","CULT_1","R1",18654.2459681663
353,"T018a",4,"SANJUAN","CULT_2","R2",18531.7084050744
354,"T018b",5,"SANJUAN","CULT_1","R1",18633.8167314055
354,"T018b",1,"CANAR","CULT_1","R1",831.612113549019
354,"T018b",3,"CANAR","CULT_3","R3",853.318802283895
354,"T018b",2,"CANAR","CULT_2","R2",417.497256623102
354,"T018b",4,"SANJUAN","CULT_2","R2",18510.2711754519
355,"T019a",2,"CANAR","CULT_2","R2",563.938829924552
355,"T019a",3,"CANAR","CULT_3","R3",964.817374694879
355,"T019a",5,"SANJUAN","CULT_1","R1",18615.7383690858
355,"T019a",4,"SANJUAN","CULT_2","R2",18498.1297315634
355,"T019a",1,"CANAR","CULT_1","R1",812.83209311331
356,"T019b",1,"CANAR","CULT_1","R1",832.086723292252
356,"T019b",5,"SANJUAN","CULT_1","R1",18600.6167278374
356,"T019b",3,"CANAR","CULT_3","R3",934.662215034039
356,"T019b",2,"CANAR","CULT_2","R2",536.57190202768
356,"T019b",4,"SANJUAN","CULT_2","R2",18481.9879360985
357,"T020a",1,"CANAR","CULT_1","R1",810.832078801876
357,"T020a",3,"CANAR","CULT_3","R3",1015.33773662189
357,"T020a",4,"SANJUAN","CULT_2","R2",18495.5959935185
357,"T020a",5,"SANJUAN","CULT_1","R1",18610.7316198182
357,"T020a",2,"CANAR","CULT_2","R2",625.711391269822
358,"T020b",1,"CANAR","CULT_1","R1",843.339000955706
358,"T020b",5,"SANJUAN","CULT_1","R1",18579.1161312324
358,"T020b",4,"SANJUAN","CULT_2","R2",18463.5043068313
358,"T020b",2,"CANAR","CULT_2","R2",611.137949143674
358,"T020b",3,"CANAR","CULT_3","R3",988.496675931265
359,"T021a",3,"CANAR","CULT_3","R3",1051.87378595415
359,"T021a",1,"CANAR","CULT_1","R1",829.811702485811
359,"T021a",5,"SANJUAN","CULT_1","R1",18589.7679627204
359,"T021a",4,"SANJUAN","CULT_2","R2",18476.7817862917
359,"T021a",2,"CANAR","CULT_2","R2",678.096032530491
360,"T021b",2,"CANAR","CULT_2","R2",661.035173949157
360,"T021b",1,"CANAR","CULT_1","R1",857.076262037068
360,"T021b",5,"SANJUAN","CULT_1","R1",18562.6942674503
360,"T021b",4,"SANJUAN","CULT_2","R2",18449.0867987711
360,"T021b",3,"CANAR","CULT_3","R3",1024.83916847551
361,"T022a",3,"CANAR","CULT_3","R3",1083.73317662585
361,"T022a",2,"CANAR","CULT_2","R2",726.786888351793
361,"T022a",4,"SANJUAN","CULT_2","R2",18452.161474313
361,"T022a",5,"SANJUAN","CULT_1","R1",18563.1632294988
361,"T022a",1,"CANAR","CULT_1","R1",857.820923380204
362,"T022b",3,"CANAR","CULT_3","R3",1054.75576252709
362,"T022b",1,"CANAR","CULT_1","R1",883.132674277549
362,"T022b",5,"SANJUAN","CULT_1","R1",18536.924443032
362,"T022b",4,"SANJUAN","CULT_2","R2",18425.1684998866
362,"T022b",2,"CANAR","CULT_2","R2",707.384960720543
463,"T050",3,"CANAR","CULT_3","R3",634.702145311275
463,"T050",1,"CANAR","CULT_1","R1",1754.1380972132
463,"T050",5,"SANJUAN","CULT_1","R1",17703.2348709602
463,"T050",4,"SANJUAN","CULT_2","R2",17576.684946751
463,"T050",2,"CANAR","CULT_2","R2",813.442083457273
462,"T051",1,"CANAR","CULT_1","R1",1673.02112542228
462,"T051",3,"CANAR","CULT_3","R3",601.813607726192
462,"T051",2,"CANAR","CULT_2","R2",745.996337539862
462,"T051",4,"SANJUAN","CULT_2","R2",17659.7721091884
462,"T051",5,"SANJUAN","CULT_1","R1",17786.388149206
461,"T052",1,"CANAR","CULT_1","R1",1419.87275796834
461,"T052",3,"CANAR","CULT_3","R3",744.717262289614
461,"T052",2,"CANAR","CULT_2","R2",741.010846438504
461,"T052",4,"SANJUAN","CULT_2","R2",17890.7239518185
461,"T052",5,"SANJUAN","CULT_1","R1",18009.8380935578
460,"T053",5,"SANJUAN","CULT_1","R1",18081.512229661
460,"T053",3,"CANAR","CULT_3","R3",791.626214830144
460,"T053",2,"CANAR","CULT_2","R2",733.350903803022
460,"T053",4,"SANJUAN","CULT_2","R2",17964.1556058788
460,"T053",1,"CANAR","CULT_1","R1",1343.73850775993
459,"T054",3,"CANAR","CULT_3","R3",804.075513609156
459,"T054",2,"CANAR","CULT_2","R2",954.800744023069
459,"T054",1,"CANAR","CULT_1","R1",1780.68859442013
459,"T054",5,"SANJUAN","CULT_1","R1",17649.2679967244
459,"T054",4,"SANJUAN","CULT_2","R2",17529.493721733
458,"T055",2,"CANAR","CULT_2","R2",921.008805985231
458,"T055",3,"CANAR","CULT_3","R3",805.281969192364
458,"T055",1,"CANAR","CULT_1","R1",1702.18832335707
458,"T055",5,"SANJUAN","CULT_1","R1",17724.8668702586
458,"T055",4,"SANJUAN","CULT_2","R2",17606.3350743103
457,"T056",4,"SANJUAN","CULT_2","R2",17816.541494414
457,"T056",2,"CANAR","CULT_2","R2",885.712651780852
457,"T056",3,"CANAR","CULT_3","R3",870.370896779365
457,"T056",5,"SANJUAN","CULT_1","R1",17930.6247384743
457,"T056",1,"CANAR","CULT_1","R1",1489.57286877291
456,"T057",3,"CANAR","CULT_3","R3",967.100283108736
456,"T057",2,"CANAR","CULT_2","R2",921.141551741076
456,"T057",4,"SANJUAN","CULT_2","R2",17893.8133018711
456,"T057",5,"SANJUAN","CULT_1","R1",18003.8411448991
456,"T057",1,"CANAR","CULT_1","R1",1417.07519760792
411,"X001",2,"CANAR","CULT_2","R2",17632.9984111019
411,"X001",3,"CANAR","CULT_3","R3",17238.0452506993
411,"X001",1,"CANAR","CULT_1","R1",18703.1061000517
411,"X001",5,"SANJUAN","CULT_1","R1",954.891346549178
411,"X001",4,"SANJUAN","CULT_2","R2",606.233153673014
381,"X002",5,"SANJUAN","CULT_1","R1",981.989308337323
381,"X002",1,"CANAR","CULT_1","R1",18726.2497670999
381,"X002",3,"CANAR","CULT_3","R3",17257.8653465403
381,"X002",2,"CANAR","CULT_2","R2",17652.599443651
381,"X002",4,"SANJUAN","CULT_2","R2",579.78407651885
380,"X003",4,"SANJUAN","CULT_2","R2",492.856776512694
380,"X003",3,"CANAR","CULT_3","R3",17350.9443597404
380,"X003",2,"CANAR","CULT_2","R2",17745.8566104066
380,"X003",5,"SANJUAN","CULT_1","R1",877.549538786604
380,"X003",1,"CANAR","CULT_1","R1",18816.480603317
379,"X004",3,"CANAR","CULT_3","R3",17357.1849416862
379,"X004",1,"CANAR","CULT_1","R1",18821.4057975125
379,"X004",5,"SANJUAN","CULT_1","R1",855.558987502992
379,"X004",4,"SANJUAN","CULT_2","R2",491.705187672075
379,"X004",2,"CANAR","CULT_2","R2",17752.1812266987
408,"X005",3,"CANAR","CULT_3","R3",17377.2311580096
408,"X005",2,"CANAR","CULT_2","R2",17772.3838337022
408,"X005",4,"SANJUAN","CULT_2","R2",485.651653313408
408,"X005",5,"SANJUAN","CULT_1","R1",808.498092851241
408,"X005",1,"CANAR","CULT_1","R1",18838.9485497705
376,"X006",5,"SANJUAN","CULT_1","R1",717.284008176966
376,"X006",1,"CANAR","CULT_1","R1",18980.6578537854
376,"X006",4,"SANJUAN","CULT_2","R2",349.64284984644
376,"X006",2,"CANAR","CULT_2","R2",17913.5866921344
376,"X006",3,"CANAR","CULT_3","R3",17518.475468726
371,"X007",5,"SANJUAN","CULT_1","R1",1676.77844936135
371,"X007",3,"CANAR","CULT_3","R3",16766.730087413
371,"X007",2,"CANAR","CULT_2","R2",17159.612093154
371,"X007",4,"SANJUAN","CULT_2","R2",1168.59053155596
371,"X007",1,"CANAR","CULT_1","R1",18260.6774981382
375,"X008",1,"CANAR","CULT_1","R1",19034.8569385155
375,"X008",3,"CANAR","CULT_3","R3",17569.460731491
375,"X008",2,"CANAR","CULT_2","R2",17964.3625484083
375,"X008",4,"SANJUAN","CULT_2","R2",279.029297136414
375,"X008",5,"SANJUAN","CULT_1","R1",737.253046005385
407,"X009",1,"CANAR","CULT_1","R1",18931.6904892525
407,"X009",3,"CANAR","CULT_3","R3",17472.6446234806
407,"X009",2,"CANAR","CULT_2","R2",17867.9538267817
407,"X009",4,"SANJUAN","CULT_2","R2",419.053952151619
407,"X009",5,"SANJUAN","CULT_1","R1",704.34551327231
373,"X011",1,"CANAR","CULT_1","R1",18734.6206839778
373,"X011",3,"CANAR","CULT_3","R3",17243.5480772968
373,"X011",2,"CANAR","CULT_2","R2",17636.6136497914
373,"X011",4,"SANJUAN","CULT_2","R2",704.538366010305
373,"X011",5,"SANJUAN","CULT_1","R1",1339.79237657
386,"X012",3,"CANAR","CULT_3","R3",17472.361996464
386,"X012",1,"CANAR","CULT_1","R1",18958.291259992
386,"X012",5,"SANJUAN","CULT_1","R1",1136.64443096644
386,"X012",4,"SANJUAN","CULT_2","R2",455.143035740912
386,"X012",2,"CANAR","CULT_2","R2",17865.8125145839
387,"X013",1,"CANAR","CULT_1","R1",19016.8930952609
387,"X013",3,"CANAR","CULT_3","R3",17531.5363775405
387,"X013",2,"CANAR","CULT_2","R2",17925.0253862992
387,"X013",4,"SANJUAN","CULT_2","R2",397.165758554075
387,"X013",5,"SANJUAN","CULT_1","R1",1100.86356127809
388,"X014",1,"CANAR","CULT_1","R1",19049.7581569455
388,"X014",5,"SANJUAN","CULT_1","R1",1181.73505127768
388,"X014",4,"SANJUAN","CULT_2","R2",429.500939623034
388,"X014",2,"CANAR","CULT_2","R2",17952.5991182227
388,"X014",3,"CANAR","CULT_3","R3",17559.5004330451
370,"X015",4,"SANJUAN","CULT_2","R2",1216.71777560231
370,"X015",3,"CANAR","CULT_3","R3",16764.7137801109
370,"X015",2,"CANAR","CULT_2","R2",17157.0207000159
370,"X015",5,"SANJUAN","CULT_1","R1",1776.31392909137
370,"X015",1,"CANAR","CULT_1","R1",18265.4073338525
410,"X016",1,"CANAR","CULT_1","R1",18779.7430143998
410,"X016",3,"CANAR","CULT_3","R3",17317.3332901276
410,"X016",2,"CANAR","CULT_2","R2",17712.4478927646
410,"X016",4,"SANJUAN","CULT_2","R2",539.276651785252
410,"X016",5,"SANJUAN","CULT_1","R1",862.112550186641
409,"X017",5,"SANJUAN","CULT_1","R1",905.795959148112
409,"X017",3,"CANAR","CULT_3","R3",17285.1334237995
409,"X017",1,"CANAR","CULT_1","R1",18749.1134658129
409,"X017",2,"CANAR","CULT_2","R2",17680.1515418409
409,"X017",4,"SANJUAN","CULT_2","R2",563.494910401492
384,"X020",1,"CANAR","CULT_1","R1",18757.681285074
384,"X020",5,"SANJUAN","CULT_1","R1",1173.15604304852
384,"X020",4,"SANJUAN","CULT_2","R2",614.428555360387
384,"X020",2,"CANAR","CULT_2","R2",17669.3156549103
384,"X020",3,"CANAR","CULT_3","R3",17275.5547190165
406,"X021",1,"CANAR","CULT_1","R1",18403.0521832488
406,"X021",4,"SANJUAN","CULT_2","R2",1082.00406191229
406,"X021",2,"CANAR","CULT_2","R2",17295.8911495323
406,"X021",3,"CANAR","CULT_3","R3",16903.5005637499
406,"X021",5,"SANJUAN","CULT_1","R1",1671.57578126634
399,"X022",1,"CANAR","CULT_1","R1",18468.3885162262
399,"X022",5,"SANJUAN","CULT_1","R1",1577.31336745297
399,"X022",4,"SANJUAN","CULT_2","R2",992.451606352707
399,"X022",2,"CANAR","CULT_2","R2",17364.8327611633
399,"X022",3,"CANAR","CULT_3","R3",16972.1644996776
378,"X023",2,"CANAR","CULT_2","R2",17752.1889846752
378,"X023",1,"CANAR","CULT_1","R1",18818.243535743
378,"X023",5,"SANJUAN","CULT_1","R1",817.645542529343
378,"X023",4,"SANJUAN","CULT_2","R2",507.981916593361
378,"X023",3,"CANAR","CULT_3","R3",17357.0047206319
372,"X024",3,"CANAR","CULT_3","R3",17004.6156480006
372,"X024",2,"CANAR","CULT_2","R2",17397.6771431131
372,"X024",4,"SANJUAN","CULT_2","R2",928.328190984937
372,"X024",5,"SANJUAN","CULT_1","R1",1482.68119747964
372,"X024",1,"CANAR","CULT_1","R1",18496.0543018835
385,"X025",3,"CANAR","CULT_3","R3",17332.2689505298
385,"X025",1,"CANAR","CULT_1","R1",18812.2986722533
385,"X025",5,"SANJUAN","CULT_1","R1",1106.99427211691
385,"X025",4,"SANJUAN","CULT_2","R2",546.195517081737
385,"X025",2,"CANAR","CULT_2","R2",17726.180323889
369,"X026",1,"CANAR","CULT_1","R1",18558.9559871866
369,"X026",5,"SANJUAN","CULT_1","R1",1603.1040951365
369,"X026",4,"SANJUAN","CULT_2","R2",958.424856408502
369,"X026",2,"CANAR","CULT_2","R2",17450.4639618419
369,"X026",3,"CANAR","CULT_3","R3",17058.196641782
374,"X027",3,"CANAR","CULT_3","R3",17209.2009781374
374,"X027",2,"CANAR","CULT_2","R2",17601.8292329338
374,"X027",4,"SANJUAN","CULT_2","R2",784.617337578112
374,"X027",5,"SANJUAN","CULT_1","R1",1449.09117086868
374,"X027",1,"CANAR","CULT_1","R1",18705.5878118178
366,"X028",3,"CANAR","CULT_3","R3",17341.1074359164
366,"X028",2,"CANAR","CULT_2","R2",17733.520035624
366,"X028",4,"SANJUAN","CULT_2","R2",706.362227923635
366,"X028",5,"SANJUAN","CULT_1","R1",1428.33679172434
366,"X028",1,"CANAR","CULT_1","R1",18839.8416434589
383,"X030",5,"SANJUAN","CULT_1","R1",1039.51221536536
383,"X030",1,"CANAR","CULT_1","R1",18707.2899699286
383,"X030",4,"SANJUAN","CULT_2","R2",602.190321544327
383,"X030",2,"CANAR","CULT_2","R2",17630.3123231137
383,"X030",3,"CANAR","CULT_3","R3",17235.7861902508
377,"X031",1,"CANAR","CULT_1","R1",18842.1018097488
377,"X031",3,"CANAR","CULT_3","R3",17383.4276742085
377,"X031",2,"CANAR","CULT_2","R2",17778.7671249337
377,"X031",4,"SANJUAN","CULT_2","R2",502.416718742398
377,"X031",5,"SANJUAN","CULT_1","R1",766.454853442007
382,"X032",1,"CANAR","CULT_1","R1",18711.0126097458
382,"X032",3,"CANAR","CULT_3","R3",17241.5475700557
382,"X032",2,"CANAR","CULT_2","R2",17636.211103177
382,"X032",4,"SANJUAN","CULT_2","R2",595.490041576491
382,"X032",5,"SANJUAN","CULT_1","R1",1008.00388866353
389,"X033",5,"SANJUAN","CULT_1","R1",642.353455795589
389,"X033",1,"CANAR","CULT_1","R1",19106.3239066926
389,"X033",4,"SANJUAN","CULT_2","R2",240.565451240603
389,"X033",2,"CANAR","CULT_2","R2",18039.3748568769
389,"X033",3,"CANAR","CULT_3","R3",17644.2666279436
390,"X034",1,"CANAR","CULT_1","R1",19099.6611882941
390,"X034",3,"CANAR","CULT_3","R3",17640.1342974039
390,"X034",2,"CANAR","CULT_2","R2",18035.399886602
390,"X034",4,"SANJUAN","CULT_2","R2",276.502871075027
390,"X034",5,"SANJUAN","CULT_1","R1",603.403628069097
391,"X035",1,"CANAR","CULT_1","R1",19077.0028855669
391,"X035",2,"CANAR","CULT_2","R2",18005.8141707172
391,"X035",4,"SANJUAN","CULT_2","R2",235.296535662671
391,"X035",5,"SANJUAN","CULT_1","R1",725.252401204752
391,"X035",3,"CANAR","CULT_3","R3",17610.9581386691
367,"X036",3,"CANAR","CULT_3","R3",17282.5837699477
367,"X036",5,"SANJUAN","CULT_1","R1",1524.56798000057
367,"X036",4,"SANJUAN","CULT_2","R2",801.717121941905
367,"X036",2,"CANAR","CULT_2","R2",17674.6667018813
367,"X036",1,"CANAR","CULT_1","R1",18785.1376744645
368,"X037",3,"CANAR","CULT_3","R3",17244.9272924599
368,"X037",5,"SANJUAN","CULT_1","R1",1565.40734249191
368,"X037",4,"SANJUAN","CULT_2","R2",847.390498269111
368,"X037",2,"CANAR","CULT_2","R2",17636.8970679649
368,"X037",1,"CANAR","CULT_1","R1",18748.7874816577
